"NUMERO REGISTRO","CARACTER","DENOMINACION","CIF","FORMA CONSTITUCIÓN","ADAPTADA LEY 50/2002","TRANSFERIDA ESTADO","AMBITO","FECHA INSCRIPCIÓN","NACIONALIDAD","LOCALIDAD","PROVINCIA","COD. POSTAL","FINES"
"87N","Privada","FUNDACIÓN ABDÓN GARCÍA LUIS ALONSO","G10454825","Mortis Causa","Si","No","Provincial","16/01/2015","Española","Plasencia","CÁCERES","10600","ASISTENCIAL"
"79N","Sector Público","FUNDACIÓN ACADEMIA EUROPEA E IBEROAMERICANA DE YUSTE","G80325780","Intervivos","Si","No","Comunidad Autónoma","03/03/2011","Española","Cuacos de Yuste","CÁCERES","10430","CULTURAL"
"06/0131","Privada","FUNDACIÓN ADATEX","G06591960","Intervivos","Si","No","Comunidad Autónoma","10/01/2011","Española","Don Benito","BADAJOZ","06400","ASISTENCIAL"
"06/0130","Privada","FUNDACIÓN AFINEX","G06587661","Intervivos","Si","No","Comunidad Autónoma","17/09/2010","Española","Badajoz","BADAJOZ","06010","ASISTENCIA SOCIAL E INCLUSIÓN SOCIAL"
"100001-000","Privada","FUNDACIÓN AGREGACIÓN DE FUNDACIONES BENEFICO-PARTICULARES DE LA PROVINCIA DE CÁCERES","G10159507","Intervivos","No","Si","Provincial","20/04/1964","Española","Merida","BADAJOZ","06800","ASISTENCIAL"
"06/0051","Privada","FUNDACIÓN AGREGACIÓN DE FUNDACIONES DE LA PROVINCIA DE BADAJOZ",,"Intervivos","No","Si","Provincial","23/12/1965","Española","Merida","BADAJOZ","06800","ASISTENCIAL"
"10/0032","Privada","FUNDACIÓN AGUSTÍN VALLE MARTÍN. COLEGIO NUESTRA SEÑORA DE LA ASUNCIÓN",,"Mortis Causa","No","Si","Local","12/10/1915","Española","Torrejoncillo","CÁCERES","10830","BENEFICA-ASISTENCIAL"
"06/0077","Privada","FUNDACIÓN ALBEAR","G06303648","Intervivos","Si","No","Comunidad Autónoma","29/03/1999","Española","Olivenza","BADAJOZ","06100","CULTURAL"
"06/0108","Privada","FUNDACIÓN ALFONSO GALLARDO","G06507644","Intervivos","Si","No","Comunidad Autónoma","14/05/2007","Española","Jerez de los Caballero","BADAJOZ","06380","ASISTENCIA SOCIAL E INCLUSIÓN SOCIAL"
"FDCC-16","Privada","FUNDACIÓN ANTONIO TORRES CASTELLANO",,"Mortis Causa","No","Si","Local","13/11/1958","Española","Brozas","CÁCERES","10600","DOCENTE"
"06/0078","Privada","FUNDACIÓN ARCÁNGEL SAN MIGUEL DE ZAFRA","G06302939","Intervivos","Si","No","Local","11/05/1999","Española","Zafra","BADAJOZ","06300","CULTURAL"
"10/0027","Privada","FUNDACIÓN ARGIMIRO PLAZA AGUILAR","G10036432","Mortis Causa","Si","Si","Local","15/01/1963","Española","Pozuelo de Zarzon","CÁCERES","10813","DOCENTE"
"FDCC-11","Privada","FUNDACIÓN ASENSIO NEILA",,"Mortis Causa","No","Si","Local","23/10/1916","Española","Hervas","CÁCERES","10700","BENÉFICO-DOCENTE"
"100031-000","Privada","FUNDACIÓN ASILO DE SAN JOSÉ Y SANTA MARGARITA","G1000062H","Mortis Causa","Si","Si","Local","28/02/1909","Española","Trujillo","CÁCERES","10200","ASISTENCIAL"
"06/0026","Privada","FUNDACIÓN ASILO HOSPITAL NTRA. SÑRA DEL CARMEN",,"Mortis Causa","No","Si","Local","23/05/1913","Española","Haba (La)","BADAJOZ","06714","ASISTENCIAL"
"100028-000","Privada","FUNDACIÓN ASILO SAN JOSE",,"Mortis Causa","Si","Si","Local","19/10/1928","Española","Torrejoncillo","CÁCERES","10830","ASISTENCIAL"
"82N","Privada","FUNDACIÓN ASPACE CÁCERES","G10442523","Intervivos","Si","No","Comunidad Autónoma","19/12/2013","Española","Cáceres","CÁCERES","10005","ASISTENCIAL"
"06/0155","Privada","FUNDACIÓN ATABAL PARA LA COOPERACIÓN AL DESARROLLO","G06481758","Intervivos","No","No","Comunidad Autónoma","13/10/2022","Española","Badajoz","BADAJOZ","06002","COOPERACIÓN PARA EL DESARROLLO"
"95N","Privada","FUNDACIÓN ATRIO CÁCERES","G10836096","Intervivos","Si","No","Comunidad Autónoma","12/07/2022","Española","Cáceres","CÁCERES","10003","CULTURAL"
"63N","Privada","FUNDACIÓN AVANCE Y PROGRESO","G10322196","Intervivos","Si","No","Comunidad Autónoma","19/10/2004","Española","Cáceres","CÁCERES","10003","COOPERACIÓN PARA EL DESARROLLO"
"06/0092","Privada","FUNDACIÓN BADAJOZ SPORT","G06371660","Intervivos","No","No","Comunidad Autónoma","25/09/2002","Española","Badajoz","BADAJOZ","06009","DEPORTIVA"
"06/0091","Privada","FUNDACIÓN BANCO DE ALIMENTOS DE BADAJOZ","G06382022","Intervivos","Si","No","Provincial","09/07/2002","Española","Badajoz","BADAJOZ","06006","ASISTENCIAL"
"10/0037","Privada","FUNDACIÓN BENÉFICA CECILIO PÉREZ Y JUANA RODRIGO",,"Mortis Causa","Si","Si","Local","16/12/1964","Española","Villamiel","CÁCERES","10893","BENEFICA-ASISTENCIAL"
"10/0045","Privada","FUNDACIÓN BENÉFICA OJALVO MONFORTE","G10041242","Mortis Causa","Si","Si","Local","25/03/1988","Española","Talayuela","CÁCERES","10310","ASISTENCIAL"
"FDCC-12","Privada","FUNDACIÓN BENÉFICO-DOCENTE DE LA PROVINCIA DE CÁCERES",,"Intervivos","No","Si","Provincial","26/03/1955","Española","Merida","BADAJOZ","06800","BENÉFICO-DOCENTE"
"72N","Privada","FUNDACIÓN CÁCERES CAPITAL","G10375186","Intervivos","Si","No","Comunidad Autónoma","06/05/2008","Española","Cáceres","CÁCERES","10001","CULTURAL"
"50N","Privada","FUNDACIÓN CÁCERES CLUB BALONCESTO","G10207728","Intervivos","Si","No","Comunidad Autónoma","15/01/1997","Española","Cáceres","CÁCERES","10002","CULTURAL-DEPORTIVA"
"66N","Privada","FUNDACIÓN CÁCERES SIGLO XXI","G10354967","Intervivos","Si","No","Comunidad Autónoma","27/11/2006","Española","Cáceres","CÁCERES","10002","VARIOS"
"86N","Privada","FUNDACIÓN CAJA DE EXTREMADURA","G10392736","Intervivos","Si","No","Comunidad Autónoma","06/10/2014","Española","Cáceres","CÁCERES","10001","PROMOCIÓN DE LA ACCIÓN SOCIAL"
"06/0145","Privada","FUNDACIÓN CAJALMENDRALEJO","G06708846","Intervivos","Si","No","Comunidad Autónoma","31/01/2017","Española","Almendralejo","BADAJOZ","06200","ASISTENCIA SOCIAL E INCLUSIÓN SOCIAL"
"FDCC-21","Privada","FUNDACIÓN CARMEN RODRÍGUEZ SÁNCHEZ",,"Mortis Causa","Si","Si","Provincial","03/02/1993","Española","Plasencia","CÁCERES","10600","DOCENTE"
"06/0152","Privada","FUNDACIÓN CASA MISERICORDIA EL PILAR DE ALMENDRALEJO","G42842997","Intervivos","No","No","Comunidad Autónoma","18/02/2021","Española","Almendralejo","BADAJOZ","06200","ASISTENCIAL"
"06/0122","Privada","FUNDACIÓN CENTIA VARGAS CARVAJAL","G06570105","Intervivos","Si","No","Comunidad Autónoma","20/01/2010","Española","Zafra","BADAJOZ","06300","ASISTENCIAL-DOCENTE"
"83N","Sector Público","FUNDACIÓN CENTRO DE CIRUGÍA DE MÍNIMA INVASIÓN JESÚS USÓN","G10347417","Intervivos","Si","Si","Comunidad Autónoma","19/02/2014","Española","Cáceres","CÁCERES","10071","INVESTIGACIÓN CIENTÍFICA Y DESARROLLO TECNOLÓGICO"
"06/0133","Privada","FUNDACIÓN CENTRO DE ESTUDIOS PRESIDENTE RODRÍGUEZ IBARRA","G06597918","Intervivos","Si","No","Comunidad Autónoma","06/04/2011","Española","Olivenza","BADAJOZ","06100","CULTURAL"
"06/0101","Privada","FUNDACIÓN CENTRO REGIONAL EXTREMEÑO DE SERVICIOS EMPRESARIALES ( CRESEM)","G06430276","Intervivos","Si","No","Comunidad Autónoma","24/11/2004","Española","Badajoz","BADAJOZ","06006","LABORAL"
"06/0127","Privada","FUNDACIÓN CENTRO TECNOLÓGICO DE LAS TECNOLOGÍAS DE LA INFORMACIÓN Y COMUNICACIÓN DE EXTREMADURA","G06583405","Intervivos","Si","No","Comunidad Autónoma","31/05/2010","Española","Don Benito","BADAJOZ","06400","DESARROLLO DE LA SOCIEDAD DE INFORMACIÓN"
"06/0080","Privada","FUNDACIÓN CLUB DE FUTBOL EXTREMADURA","A06247274","Intervivos","No","No","Comunidad Autónoma","16/11/1999","Española","Almendralejo","BADAJOZ","06200","CULTURAL-DEPORTIVA"
"FDCC-8","Privada","FUNDACIÓN COLEGIO DE HUERFANAS DE SAN JOSÉ","G10013779","Mortis Causa","No","Si","Local","07/09/1912","Española","Plasencia","CÁCERES","10600","ASISTENCIAL-DOCENTE"
"FDCC-14","Privada","FUNDACIÓN COLEGIO DE HUÉRFANOS LA CONSTANCIA - (BAJO LA ADVOCACIÓN DE SAN CALIXTO)","E10014967","Mortis Causa","Si","Si","Comarcal","16/03/1868","Española","Plasencia","CÁCERES","10600","DOCENTE"
"FDCC-17","Privada","FUNDACIÓN COLEGIO DE LA SANTISIMA TRINIDAD",,"Mortis Causa","Si","Si","Local","08/01/1914","Española","Cáceres","CÁCERES","10003","DOCENTE"
"FDCC-7","Privada","FUNDACIÓN COLEGIO DE SAN FABIAN",,"Mortis Causa","No","Si","Local","08/04/1842","Española","Plasencia","CÁCERES","10600","DOCENTE"
"FDCC-15","Privada","FUNDACIÓN COLEGIO GRATUITO DE SANTIAGO Y SANTA MARGARITA",,"Intervivos","No","Si","Local","11/12/1928","Española","Trujillo","CÁCERES","10200","DOCENTE"
"10/0018","Privada","FUNDACIÓN COLEGIO NUESTRA SEÑORA DE LAS MERCEDES",,"Intervivos","No","Si","Local","07/06/1952","Española","Brozas","CÁCERES","10950","ASISTENCIAL-DOCENTE"
"57N","Privada","FUNDACIÓN COLEGIO OFICIAL DE APAREJADORES Y ARQUITECTOS TÉCNICOS DE CÁCERES","G10271732","Intervivos","Si","No","Comunidad Autónoma","21/06/2001","Española","Cáceres","CÁCERES","10004","CULTURAL"
"06/0126","Privada","FUNDACIÓN COLUMELA PARA LA PROMOCIÓN DEL MEDIO RURAL Y LA INDUSTRIA","G06579270","Intervivos","Si","No","Comunidad Autónoma","05/05/2010","Española","Badajoz","BADAJOZ","06001","LABORAL-DOCENTE"
"75N","Sector Público","FUNDACIÓN COMPUTACIÓN Y TECNOLOGÍAS AVANZADAS DE EXTREMADURA (COMPUTAEX)","G10391704","Intervivos","Si","No","Comunidad Autónoma","27/04/2009","Española","Cáceres","CÁCERES","10001","COOPERACIÓN PARA EL DESARROLLO"
"100020-000","Privada","FUNDACIÓN CONDESA DE LA ENCINA","Q1000005G","Mortis Causa","Si","Si","Local","02/07/1958","Española","Brozas","CÁCERES","10950","ASISTENCIAL"
"06/0094","Privada","FUNDACIÓN CONTRIBUTA IULIA","G06388557","Intervivos","Si","No","Comunidad Autónoma","20/01/2003","Española","Medina de las Torres","BADAJOZ","06320","CULTURAL-DOCENTE"
"FDCC-20","Privada","FUNDACIÓN CONVENTO DE LA CORIA",,"Intervivos","No","Si","Comunidad Autónoma","19/08/1981","Española","Trujillo","CÁCERES","10200","CULTURAL"
"89N","Privada","FUNDACIÓN COOPRADO","G10495281","Intervivos","Si","No","Comunidad Autónoma","19/11/2018","Española","Casar de Cáceres","CÁCERES","10190","COOPERACIÓN PARA EL DESARROLLO"
"06/0105","Privada","FUNDACIÓN CULTURA Y ESTUDIOS DE COMISIONES OBRERAS DE EXTREMADURA","G06476485","Intervivos","Si","No","Comunidad Autónoma","29/06/2006","Española","Merida","BADAJOZ","06800","DOCENTE"
"06/0107","Privada","FUNDACIÓN CULTURA Y TRABAJO","G06496483","Intervivos","Si","No","Comunidad Autónoma","24/01/2007","Española","Merida","BADAJOZ","06800","CULTURAL"
"06/0104","Privada","FUNDACIÓN CULTURAL RUY LÓPEZ","G06464259","Intervivos","Si","No","Comunidad Autónoma","31/03/2006","Española","Almendralejo","BADAJOZ","06200","PROMOCIÓN DE LA ACCIÓN SOCIAL"
"06/0075","Privada","FUNDACIÓN CULTURAL SANTA ANA","G06292684","Intervivos","No","No","Comunidad Autónoma","06/11/1998","Española","Almendralejo","BADAJOZ","06200","CULTURAL-DOCENTE"
"06/0033","Privada","FUNDACIÓN D. FRANCISCO CHACÓN CARDENAS",,"Mortis Causa","No","Si","Comarcal","12/04/1947","Española","Puebla de Alcocer","BADAJOZ","06630","ASISTENCIAL"
"06/0031","Privada","FUNDACIÓN D. JOSE SOTO HERNÁNDEZ",,"Mortis Causa","No","Si","Provincial","08/07/1915","Española","Olivenza","BADAJOZ","06100","DOCENTE"
"65N","Privada","FUNDACIÓN DE BENEFICENCIA MUNICIPAL DE VALENCIA DE ALCÁNTARA DON PEDRO","G10337517","Mortis Causa","Si","No","Local","19/12/2005","Española","Valencia de Alcantara","CÁCERES","10500","ASISTENCIAL"
"100030-000","Privada","FUNDACIÓN DE BENEFICENCIA PARTICULAR GUILLÉN CANO BOTE","G10114718","Mortis Causa","Si","Si","Local","01/09/1945","Española","Trujillo","CÁCERES","10200","BENEFICA-ASISTENCIAL"
"06/0102","Privada","FUNDACIÓN DE CIENCIAS NEUROLÓGICAS EXTREMEÑAS",,"Intervivos","Si","No","Comunidad Autónoma","29/06/2005","Española","Badajoz","BADAJOZ","06005","INVESTIGACIÓN CIENTÍFICA Y DESARROLLO TECNOLÓGICO"
"06/0150","Privada","FUNDACIÓN DE ESTUDIOS ASISTENCIALES Y SANITARIOS DE EXTREMADURA (FAE-EX)","G06745467","Intervivos","Si","No","Comunidad Autónoma","21/06/2019","Española","Badajoz","BADAJOZ","06005","SANITARIO"
"06/0116","Privada","FUNDACIÓN DE HERMANOS PARA LA IGUALDAD Y LA INCLUSIÓN SOCIAL","G06528228","Intervivos","Si","No","Comunidad Autónoma","11/02/2008","Española","Merida","BADAJOZ","06800","ASISTENCIA SOCIAL E INCLUSIÓN SOCIAL"
"06/0073","Sector Público","FUNDACIÓN DE RELACIONES LABORALES DE EXTREMADURA","G06288815","Intervivos","Si","No","Comunidad Autónoma","21/09/1998","Española","Merida","BADAJOZ","06800","LABORAL"
"62N","Privada","FUNDACIÓN DEL ILUSTRE COLEGIO OFICIAL DE MÉDICOS DE CÁCERES (FUMECA)","G10308484","Intervivos","Si","No","Provincial","07/04/2004","Española","Cáceres","CÁCERES","10001","EDUCATIVA-DOCENTE-CIENTIFICA"
"06/0076","Privada","FUNDACIÓN DEL OLIVAR DE EXTREMADURA (FUNDOLIVA)","G06298111","Intervivos","Si","No","Comunidad Autónoma","08/02/1999","Española","Merida","BADAJOZ","06800","CULTURAL-DOCENTE"
"06/0084","Privada","FUNDACIÓN DEPORTE Y VIDA CLUB DEPORTIVO BADAJOZ",,"Intervivos","No","No","Comunidad Autónoma","15/06/2000","Española","Badajoz","BADAJOZ","06000","CULTURAL-DEPORTIVA"
"06/0149","Privada","FUNDACIÓN DEUTZ BUSINESS SCHOOL","G06736094","Intervivos","Si","No","Comunidad Autónoma","24/01/2019","Española","Zafra","BADAJOZ","06300","FORMACIÓN"
"10/0026","Privada","FUNDACIÓN DOLORES LEAL, VIUDA DE ARCE-CARIDAD CRISTIANA",,"Mortis Causa","No","Si","Local","28/12/1945","Española","Plasencia","CÁCERES","10600","BENEFICA-ASISTENCIAL"
"BAD-1","Privada","FUNDACIÓN DOÑA CIPRIANA GÓMEZ Y GÓMEZ","Q0600297F","Mortis Causa","Si","Si","Local","20/07/1914","Española","Zafra","BADAJOZ","06300","DOCENTE"
"06/0041","Privada","FUNDACIÓN DOÑA DOLORES PIZARRO BORAITA",,"Mortis Causa","No","Si","Local","08/10/1903","Española","Badajoz","BADAJOZ","06002","DOCENTE"
"06/0034","Privada","FUNDACIÓN DOÑA MARTINA FABERO REJA",,"Mortis Causa","No","Si","Local","25/03/1965","Española","Puebla de Alcocer","BADAJOZ","06630","ASISTENCIAL"
"06/0012","Privada","FUNDACIÓN DOÑA MATILDE DIAZ MADROÑERO Y LÓPEZ DE AYALA",,"Mortis Causa","No","Si","Local","03/01/1918","Española","Cabeza del Buey","BADAJOZ","06600","ASISTENCIAL"
"58N","Privada","FUNDACIÓN DR. MARCELIANO SAYANS CASTAÑOS","G10271971","Mortis Causa","Si","No","Comarcal","10/09/2001","Española","Casas del Castañar","CÁCERES","10616","PAZ Y SOLIDARIDAD EN TODO EL MUNDO"
"060039-000","Privada","FUNDACIÓN DUQUESA DE MONTPENSIER","G06010136","Mortis Causa","Si","Si","Comunidad Autónoma","26/07/1963","Española","Valencia del Mombuey","BADAJOZ","06134","BENEFICA-ASISTENCIAL"
"06/0143","Privada","FUNDACIÓN ECOÁNIME","G06695555","Intervivos","Si","No","Comunidad Autónoma","11/04/2016","Española","Don Benito","BADAJOZ","06400","VARIOS"
"56N","Privada","FUNDACIÓN ECOTOPÍA",,"Intervivos","Si","No","Comunidad Autónoma","12/05/2000","Española","Hoyos","CÁCERES","10850","INVESTIGACIÓN"
"FDCC-13","Privada","FUNDACIÓN EDUARDO RUBIO MASIDES",,"Mortis Causa","No","Si","Local","19/06/1953","Española","Aldeanueva del Camino","CÁCERES","10740","BENÉFICO-DOCENTE"
"06/0045","Privada","FUNDACIÓN EN MEMORIA DE DÑA. CARMEN FERNANDEZ FERNANDEZ",,"Mortis Causa","No","Si","Local","13/03/1969","Española","Badajoz","BADAJOZ","06002","ASISTENCIAL"
"FDCC-9","Privada","FUNDACIÓN ESCUELA DE DOÑA ISABEL GARCIA DE LA VEGA",,"Mortis Causa","No","Si","Local","26/10/1926","Española","Casar de Cáceres","CÁCERES","10190","DOCENTE"
"71N","Privada","FUNDACIÓN ESCUELA OFICIAL DE MÚSICA Y ARTES ESCÉNICAS DE CÁCERES","G10376838","Intervivos","Si","No","Comunidad Autónoma","27/02/2008","Española","Cáceres","CÁCERES","10001","ASISTENCIAL-CULTURAL"
"FDCC-18","Privada","FUNDACIÓN ESCUELAS NUESTRA SEÑORA DE GUADALUPE","G10009546","Intervivos","Si","Si","Local","06/04/1961","Española","Plasencia","CÁCERES","10600","DOCENTE"
"FDCC-10","Privada","FUNDACIÓN ESCUELAS Y  BIBLIOTECA CONCHA","G10045078","Mortis Causa","Si","Si","Local","05/04/1900","Española","Navalmoral de la Mata","CÁCERES","10300","CULTURAL-DOCENTE"
"100006-000","Privada","FUNDACIÓN ESPADEROS Y PIZARROS Y FRANCISCO DE SANDE Y CARVAJAL","G10189124","Intervivos","Si","Si","Local","17/10/1995","Española","Madrid","MADRID","28006","BENEFICA-ASISTENCIAL"
"06/0135","Privada","FUNDACIÓN ESTÁ EN TUS MANOS","G06624415","Intervivos","Si","No","Comunidad Autónoma","11/09/2012","Española","Badajoz","BADAJOZ","06000","ASISTENCIA SOCIAL E INCLUSIÓN SOCIAL"
"06/0103","Privada","FUNDACIÓN EUGENIO HERMOSO-LEGADO ROSARIO HERMOSO","G06455331","Mortis Causa","Si","No","Comunidad Autónoma","21/12/2005","Española","Fregenal de la Sierra","BADAJOZ","06340","CULTURAL"
"06/0144","Privada","FUNDACIÓN EUROPEA PARA LA COOPERACIÓN Y EL DESARROLLO SOCIAL (FECODES)","G06697239","Intervivos","Si","No","Comunidad Autónoma","09/05/2016","Española","Merida","BADAJOZ","06800","ASISTENCIA SOCIAL E INCLUSIÓN SOCIAL"
"06/0132","Privada","FUNDACIÓN EVOLUCIONARIAS.COM","G06595318","Intervivos","Si","No","Comunidad Autónoma","03/02/2011","Española","Badajoz","BADAJOZ","06002","CULTURAL-DOCENTE"
"06/0097","Privada","FUNDACIÓN EXTREMEÑA DE DEFENSA Y PROTECCIÓN DE LOS DERECHOS DE LOS CIUDADANOS (DEPRODE)",,"Intervivos","Si","No","Comunidad Autónoma","27/10/2003","Española","Merida","BADAJOZ","06800","ASISTENCIAL"
"06/0141","Sector Público","FUNDACIÓN EXTREMEÑA DE LA CULTURA","G06668016","Intervivos","Si","No","Comunidad Autónoma","20/11/2014","Española","Merida","BADAJOZ","06800","CULTURAL"
"84N","Privada","FUNDACIÓN EXTREMEÑA LA ILUSIÓN DE LA ALEGRÍA","G10444909","Intervivos","Si","No","Comunidad Autónoma","25/02/2014","Española","Cáceres","CÁCERES","10001","ATENCIÓN A LAS PERSONAS EN RIESGO DE EXCLUSIÓN POR RAZONES FÍSICAS"
"06/0079","Privada","FUNDACIÓN EXTREMEÑOS EN EL MUNDO","G06320477","Intervivos","Si","No","Comunidad Autónoma","21/09/1999","Española","Azuaga","BADAJOZ","06920","ASISTENCIAL-CULTURAL"
"100034-000","Privada","FUNDACIÓN FAUSTINA MUÑOZ GILETE","G10111565","Mortis Causa","Si","Si","Local","22/02/1961","Española","Valencia de Alcantara","CÁCERES","10500","ASISTENCIAL"
"06/0154","Privada","FUNDACIÓN FEDERACIÓN EXTREMEÑA DE FÚTBOL","G16878654","Intervivos","Si","No","Comunidad Autónoma","26/10/2021","Española","Cáceres","CÁCERES","10004","DEPORTIVA"
"FDCC-19","Privada","FUNDACIÓN FELIPE TOMÉ FERNÁNDEZ",,"Mortis Causa","No","Si","Local","06/04/1961","Española","Plasencia","CÁCERES","10600","DOCENTE"
"100012-000","Privada","FUNDACIÓN FERNANDO VALHONDO CALAFF","G10014363","Mortis Causa","Si","Si","Local","29/05/1956","Española","Cáceres","CÁCERES","10003","BENÉFICO"
"69N","Privada","FUNDACIÓN FORMATIVA CEEREM","G10358216","Intervivos","Si","No","Comunidad Autónoma","27/03/2007","Española","Plasencia","CÁCERES","10600","DEPORTIVA"
"06/0082","Privada","FUNDACIÓN FORMATIVA DE LA PLATAFORMA AUTONÓMICA, LIBRE Y SINDICAL INDEPENDIENTE (FORPALSI)",,"Intervivos","No","No","Comunidad Autónoma","04/01/2000","Española","Badajoz","BADAJOZ","06004","LABORAL-DOCENTE"
"53N","Privada","FUNDACIÓN FORO SINDICAL","G10237105","Intervivos","Si","No","Comunidad Autónoma","06/04/1999","Española","Cáceres","CÁCERES","10001","CULTURAL"
"FDCC-1","Privada","FUNDACIÓN FRANCISCO LLORENS",,"Intervivos","Si","Si","Local","28/02/1930","Española","Cáceres","CÁCERES","10003","DOCENTE"
"06/0138","Sector Público","FUNDACIÓN FUNDECYT - PARQUE CIENTÍFICO Y TECNOLÓGICO DE EXTREMADURA","G06630644","Intervivos","Si","No","Comunidad Autónoma","31/12/2012","Española","Badajoz","BADAJOZ","06071","INVESTIGACIÓN CIENTÍFICA Y DESARROLLO TECNOLÓGICO"
"06/0100","Sector Público","FUNDACIÓN GODOFREDO ORTEGA MÚÑOZ","G06426944","Intervivos","Si","No","Comunidad Autónoma","20/08/2004","Española","Badajoz","BADAJOZ","06003","CULTURAL"
"67N","Privada","FUNDACIÓN HELGA DE ALVEAR","G06493217","Intervivos","Si","No","Comunidad Autónoma","13/12/2006","Española","Cáceres","CÁCERES","10001","CULTURAL"
"06/0115","Privada","FUNDACIÓN HIJA DE PEPE REYES, DOLORES BAS DE ARÚS","G06512883","Mortis Causa","Si","No","Local","29/01/2008","Española","Badajoz","BADAJOZ","06006","BENEFICA-ASISTENCIAL"
"060013-000","Privada","FUNDACIÓN HOGAR DE ANCIANOS JESÚS NAZARENO DE CABEZA DEL BUEY","G06682470","Mortis Causa","Si","Si","Local","17/07/1948","Española","Cabeza del Buey","BADAJOZ","06600","ASISTENCIAL"
"06/0054","Privada","FUNDACIÓN HOGAR RESIDENCIA FORMACIONISTA NUESTRA SEÑORA DE LOS ANGELES","G0600007I","Mortis Causa","No","Si","Provincial","06/08/1966","Española","Villafranca de los Barros","BADAJOZ","06220","ASISTENCIAL"
"06/0029","Privada","FUNDACIÓN HOSPITAL ASILO D. JOSE BERNALDEZ",,"Mortis Causa","No","Si","Local","05/12/1927","Española","Nogales","BADAJOZ","06173","ASISTENCIAL"
"10/0025","Privada","FUNDACIÓN HOSPITAL DE CONVALECIENTES",,"Mortis Causa","No","Si","Local","12/12/1928","Española","Plasencia","CÁCERES","10600","ASISTENCIAL"
"06/0049","Privada","FUNDACIÓN HOSPITAL DE JESÚS",,"Mortis Causa","No","Si","Local","20/03/1917","Española","Zalamea de la Serena","BADAJOZ","06430","ASISTENCIAL"
"06/0019","Privada","FUNDACIÓN HOSPITAL DE LA SANGRE","G06020077","Mortis Causa","Si","Si","Comunidad Autónoma","25/05/1912","Española","Fuente de Cantos","BADAJOZ","06240","ASISTENCIAL"
"06/0007","Privada","FUNDACIÓN HOSPITAL DE LAS MISERICORDIAS",,"Mortis Causa","No","Si","Local","28/04/1911","Española","Almendral","BADAJOZ","06171","ASISTENCIAL"
"060014-000","Privada","FUNDACIÓN HOSPITAL DE SAN ANTONIO","G06047468","Mortis Causa","Si","Si","Local","17/06/1948","Española","Don Benito","BADAJOZ","06400","SANITARIO"
"06/0016","Privada","FUNDACIÓN HOSPITAL DE SAN BLAS",,"Mortis Causa","No","Si","Local","12/12/1918","Española","Fregenal de la Sierra","BADAJOZ","06340","ASISTENCIAL"
"06/0047","Privada","FUNDACIÓN HOSPITAL DE SAN MIGUEL",,"Mortis Causa","Si","Si","Local","18/11/1914","Española","Zafra","BADAJOZ","06300","ASISTENCIAL"
"06/0046","Privada","FUNDACIÓN HOSPITAL DE SANTIAGO",,"Mortis Causa","No","Si","Local","23/10/1914","Española","Zafra","BADAJOZ","06300","SANITARIO"
"10/0022","Privada","FUNDACIÓN HOSPITAL SAN NICOLÁS DE BARI","Q10001063","Mortis Causa","Si","Si","Comunidad Autónoma","08/01/1896","Española","Coria","CÁCERES","10800","ASISTENCIAL"
"060030-000","Privada","FUNDACIÓN HOSPITAL Y SANTA CASA DE MISERICORDIA","G06016653","Intervivos","Si","Si","Local","15/06/1907","Española","Olivenza","BADAJOZ","06100","ASISTENCIAL"
"06/0111","Privada","FUNDACIÓN IBÉRICA EN REPRODUCCIÓN ASISTIDA","G06510614","Intervivos","Si","No","Comunidad Autónoma","29/06/2007","Española","Badajoz","BADAJOZ","06004","SANITARIO"
"06/0112","Privada","FUNDACIÓN ILUSTRE COLEGIO OFICIAL DE MÉDICOS DE BADAJOZ","G06513741","Intervivos","Si","No","Comunidad Autónoma","10/08/2007","Española","Badajoz","BADAJOZ","06005","BENÉFICO-DOCENTE"
"55N","Privada","FUNDACIÓN INDALECIO HERNANDEZ VALLEJO",,"Intervivos","Si","No","Comunidad Autónoma","11/05/1999","Española","Valencia de Alcantara","CÁCERES","10500","CULTURAL"
"64N","Privada","FUNDACIÓN INPA (INVESTIGACIÓN Y PSICOLOGÍA APLICADA) EXTREMADURA-FRAMAGUAD ","G10298156","Intervivos","Si","No","Comunidad Autónoma","10/06/2005","Española","Cáceres","CÁCERES","10001","ASISTENCIA SOCIAL E INCLUSIÓN SOCIAL"
"14,19,22","Privada","FUNDACIÓN JOSÉ BENAVIDES CHECA",,"Mortis Causa","No","Si","Local","02/09/1912","Española","Plasencia","CÁCERES","10600","ASISTENCIAL-DOCENTE"
"06/0147","Privada","FUNDACIÓN JOSÉ GORDILLO","G06724330","Intervivos","Si","No","Comunidad Autónoma","10/01/2018","Española","Fuente del Maestre","BADAJOZ","06360","CULTURAL"
"06/0043","Privada","FUNDACIÓN JOSÉ RAMÓN FERNANDEZ GARCÍA",,"Intervivos","No","Si","Local","23/04/1917","Española","Villanueva del Fresno","BADAJOZ","06110","ASISTENCIAL"
"74N","Sector Público","FUNDACIÓN JÓVENES Y DEPORTE","G10391209","Intervivos","Si","No","Comunidad Autónoma","06/04/2009","Española","Merida","BADAJOZ","06800","CULTURAL-DEPORTIVA"
"10/0040","Privada","FUNDACIÓN JUAN FERNÁNDEZ PAREDES",,"Mortis Causa","Si","Si","Local","12/01/1968","Española","Trujillo","CÁCERES","10200","BENEFICA-ASISTENCIAL"
"100017-000","Privada","FUNDACIÓN JUAN FLORES RENGIFO","G10051514","Mortis Causa","No","Si","Local","26/04/1928","Española","Baños de Montemayor ","CÁCERES","10750","RELIGIOSO-BENEFICA"
"06/0146","Privada","FUNDACIÓN JUAN GIRALDO VENEGAS","G06715569","Intervivos","Si","No","Comunidad Autónoma","05/06/2017","Española","Merida","BADAJOZ","06800","ASISTENCIAL"
"92N","Privada","FUNDACIÓN JUAN JOSÉ RUBIO LIEBANA Y RODRÍGUEZ DONAIRE","G10505634","Mortis Causa","Si","No","Local","16/06/2020","Española","Valdefuentes","CÁCERES","10180","DOCENTE"
"06/0070","Privada","FUNDACIÓN JUAN UÑA PARA LA EDUCACIÓN Y EL DESARROLLO EN EXTREMADURA","G06267694","Intervivos","Si","No","Comunidad Autónoma","12/11/1997","Española","Badajoz","BADAJOZ","06002","CULTURAL-DOCENTE"
"100023-000","Privada","FUNDACIÓN LA SOLEDAD Y SAN MANUEL","G28770089","Mortis Causa","Si","Si","Local","09/07/1960","Española","Madrid","MADRID","28013","ASISTENCIAL-DOCENTE"
"80N","Privada","FUNDACIÓN LAURA OTERO","G10427417","Intervivos","Si","No","Local","04/11/2013","Española","Miajadas","CÁCERES","10100","CULTURAL"
"06/0153","Privada","FUNDACIÓN LUIS COSTILLO PEREDA","G42995241","Intervivos","Si","No","Comunidad Autónoma","13/04/2021","Española","Badajoz","BADAJOZ","06002","CULTURAL"
"94N","Privada","FUNDACIÓN LUMBINI GARDEN","G88464979","Intervivos","Si","No","Comunidad Autónoma","25/03/2021","Española","Cáceres","CÁCERES","10001","SOCIO CULTURAL"
"06/0096","Privada","FUNDACIÓN MAGDALENA MORICHE","G06399554","Intervivos","Si","No","Comunidad Autónoma","01/10/2003","Española","Badajoz","BADAJOZ","06800","CULTURAL-DOCENTE"
"06/0085","Privada","FUNDACIÓN MAIMONA","G06330088","Intervivos","Si","No","Local","22/09/2000","Española","Santos de Maimona (Los)","BADAJOZ","06230","CULTURAL-DOCENTE"
"06/0089","Privada","FUNDACIÓN MANUEL ALVAREZ SUERO",,"Intervivos","No","No","Comunidad Autónoma","15/04/2002","Española","Zafra","BADAJOZ","06300","ASISTENCIAL"
"52N","Privada","FUNDACIÓN MANUEL BEITES LOPEZ","G10250066","Intervivos","Si","No","Local","15/12/1999","Española","Jaraiz de la Vera","CÁCERES","10400","ASISTENCIAL"
"06/0142","Privada","FUNDACIÓN MARÍA BEJAR","G06683890","Intervivos","Si","No","Comunidad Autónoma","11/08/2015","Española","Guareña","BADAJOZ","06470","ASISTENCIA SOCIAL E INCLUSIÓN SOCIAL"
"93N","Privada","FUNDACIÓN MEDIAMBIENTAL","G96154752","Intervivos","Si","No","Comunidad Autónoma","08/10/2020","Española","Puçol","VALENCIA","46530","DEFENSA DEL MEDIO AMBIENTE"
"59N","Privada","FUNDACIÓN MERCEDES CALLES Y CARLOS BALLESTERO","G10274819","Mortis Causa","Si","No","Comunidad Autónoma","27/11/2002","Española","Cáceres","CÁCERES","10001","CULTURAL"
"06/0148","Privada","FUNDACIÓN MUÑOZ TORRERO","G06729180","Intervivos","Si","No","Comunidad Autónoma","22/05/2018","Española","Cabeza del Buey","BADAJOZ","06600","CULTURAL"
"06/0156","Privada","FUNDACIÓN MUSEO EXTREMEÑO PARA LA CIENCIA Y LA TECNOLOGÍA (MECYT)","G06758460","Intervivos","Si","No","Comunidad Autónoma","02/11/2022","Española","Badajoz","BADAJOZ","06000","EDUCATIVA-DOCENTE-CIENTIFICA"
"FDCC-5","Privada","FUNDACIÓN NUESTRA SEÑORA DEL CARMEN","G10022200","Intervivos","No","Si","Local","07/07/1928","Española","Madroñera","CÁCERES","10210","DOCENTE"
"06/0002","Privada","FUNDACIÓN OBRA PÍA CATALINA DE VARGAS",,"Mortis Causa","No","Si","Local","16/03/1946","Española","Badajoz","BADAJOZ","06000","ASISTENCIAL"
"06/0009","Privada","FUNDACIÓN OBRA PIA D. BLAS MARQUEZ MORENO",,"Mortis Causa","No","Si","Local","22/10/1910","Española","Bodonal de la Sierra","BADAJOZ","06394","ASISTENCIAL"
"06/0024","Privada","FUNDACIÓN OBRA PIA DE DIEGO BECERRIL",,"Mortis Causa","No","Si","Local","22/02/1902","Española","Jerez de los Caballero","BADAJOZ","06380","ASISTENCIAL"
"060004-000","Privada","FUNDACIÓN OBRA PÍA DE DON EMILIO MACÍAS","G06101919","Mortis Causa","No","Si","Local","19/11/1929","Española","Badajoz","BADAJOZ","06005","ASISTENCIAL"
"06/0017","Privada","FUNDACIÓN OBRA PÍA DE DON JUAN BRAVO MURILLO",,"Mortis Causa","No","Si","Local","23/11/1917","Española","Fregenal de la Sierra","BADAJOZ","06340","ASISTENCIAL"
"FDCC-4","Privada","FUNDACIÓN OBRA PÍA DE DON VICENTE MARRÓN",,"Mortis Causa","Si","Si","Local","28/03/1900","Española","Cáceres","CÁCERES","10003","DOCENTE"
"FDCC-6","Privada","FUNDACIÓN OBRA PÍA DE OSORIO","Q1000005G","Mortis Causa","No","Si","Local","13/04/1910","Española","Coria","CÁCERES","10800","BENÉFICO-DOCENTE"
"06/0021","Privada","FUNDACIÓN OBRA PIA DÑA. MARIA MANUELA ARANDA",,"Mortis Causa","No","Si","Local","11/06/1928","Española","Granja de Torrehermoso","BADAJOZ","06910","ASISTENCIAL"
"06/0109","Privada","FUNDACIÓN ONCOLÓGICA INFANTIL EXTREMEÑA ÍCARO","G06502769","Intervivos","Si","No","Comunidad Autónoma","14/06/2007","Española","Zafra","BADAJOZ","06300","ASISTENCIA SOCIAL E INCLUSIÓN SOCIAL"
"06/0139","Privada","FUNDACIÓN ORDINARIA CAJA DE BADAJOZ","G06000681","Intervivos","Si","No","Comunidad Autónoma","26/05/2014","Española","Badajoz","BADAJOZ","06011","PROMOCIÓN DE LA ACCIÓN SOCIAL"
"06/0088","Sector Público","FUNDACIÓN ORQUESTA DE EXTREMADURA","G06357065","Intervivos","Si","No","Comunidad Autónoma","18/01/2002","Española","Badajoz","BADAJOZ","06002","CULTURAL"
"77N","Privada","FUNDACIÓN PARA EL DESARROLLO DIRECTIVO (FUNDES)","G10401065","Intervivos","Si","No","Comunidad Autónoma","04/05/2010","Española","Cáceres","CÁCERES","10002","EDUCATIVA-DOCENTE-CIENTIFICA"
"60N","Privada","FUNDACIÓN PARA EL DESARROLLO Y LA INNOVACIÓN TECNOLÓGICA Y TRANSFRONTERIZA","G10303774","Intervivos","Si","No","Comarcal","18/11/2003","Española","Valencia de Alcantara","CÁCERES","10500","TECNOLÓGICO-CULTURAL"
"88N","Privada","FUNDACIÓN PARA EL EMPRENDIMIENTO, INTEGRACIÓN Y FORMACIÓN EN EXTREMADURA","G10459733","Intervivos","Si","No","Comunidad Autónoma","06/07/2015","Española","Cáceres","CÁCERES","10001","ASISTENCIA SOCIAL E INCLUSIÓN SOCIAL"
"06/0124","Privada","FUNDACIÓN PARA EL ESTUDIO Y DESARROLLO DE LA IMPLANTOLOGÍA, CIRUGÍA ORAL Y MAXILOFACIAL","G06563100","Intervivos","Si","No","Comunidad Autónoma","23/03/2010","Española","Badajoz","BADAJOZ","06011","INVESTIGACIÓN"
"06/0118","Privada","FUNDACIÓN PARA ESTUDIOS TRIBUTARIOS Y EMPRESARIALES DE EXTREMADURA, FUNDETRIB","G06539308","Intervivos","Si","No","Comunidad Autónoma","07/07/2008","Española","Badajoz","BADAJOZ","06800","EDUCATIVA"
"49N","Privada","FUNDACIÓN PARA LA ADOPCIÓN INTERNACIONAL (ASE)",,"Intervivos","No","No","Comunidad Autónoma","10/01/1997","Española","Aldeacentenera","CÁCERES","10251","ASISTENCIA SOCIAL E INCLUSIÓN SOCIAL"
"51N","Privada","FUNDACIÓN PARA LA FORMACIÓN Y DESARROLLO RURAL (FYDER)","G10207728","Intervivos","No","No","Comunidad Autónoma","15/05/1997","Española","Plasencia","CÁCERES","10600","LABORAL-DOCENTE"
"06/0128","Privada","FUNDACIÓN PARA LA INTERNACIONALIZACIÓN DEL SOFTWARE LIBRE","G06582324","Intervivos","Si","No","Comunidad Autónoma","23/06/2010","Española","Badajoz","BADAJOZ","06000","DESARROLLO DE LA SOCIEDAD DE INFORMACIÓN"
"48N","Privada","FUNDACIÓN PARA LA INVESTIGACIÓN Y EL FOMENTO DE LA ECONOMIA SOCIAL (FIFES)","G10202034","Intervivos","No","No","Comunidad Autónoma","29/07/1996","Española","Valdastillas","CÁCERES","10614","LABORAL-DOCENTE"
"06/0087","Privada","FUNDACIÓN PARA LA PROMOCIÓN Y APOYO A LAS PERSONAS CON DISCAPACIDAD (FUTUEX)","G06357016","Intervivos","Si","No","Comunidad Autónoma","12/11/2001","Española","Olivenza","BADAJOZ","06100","ASISTENCIAL"
"85N","Privada","FUNDACIÓN PATROCINA UN DEPORTISTA-THE EVNT","G10449544","Intervivos","Si","No","Comunidad Autónoma","26/05/2014","Española","Cáceres","CÁCERES","10001","INVESTIGACIÓN CIENTÍFICA Y DESARROLLO TECNOLÓGICO"
"06/0067","Privada","FUNDACIÓN PAZ Y SOLIDARIDAD GREGORIO MORÁN","G06260475","Intervivos","Si","No","Comunidad Autónoma","05/06/1997","Española","Merida","BADAJOZ","06800","VARIOS"
"78N","Privada","FUNDACIÓN PLACEAT","G10405629","Intervivos","Si","No","Comunidad Autónoma","26/10/2010","Española","Plasencia","CÁCERES","10600","ASISTENCIAL"
"06/0125","Privada","FUNDACIÓN PRIMERA FILA POR LA INTEGRACIÓN DE COLECTIVOS EN RIESGO DE EXCLUSIÓN","G06573653","Intervivos","Si","No","Comunidad Autónoma","09/03/2010","Española","Badajoz","BADAJOZ","06010","ASISTENCIA SOCIAL E INCLUSIÓN SOCIAL"
"06/0134","Privada","FUNDACIÓN PRIVADA INTEGRACALL EN EXTREMADURA","G06616494","Intervivos","Si","No","Comunidad Autónoma","20/03/2012","Española","Badajoz","BADAJOZ","06000","ASISTENCIA SOCIAL E INCLUSIÓN SOCIAL"
"06/0129","Privada","FUNDACIÓN PRO SPORT FÚTBOL EXTREMEÑO","G06586192","Intervivos","Si","No","Comunidad Autónoma","30/07/2010","Española","Badajoz","BADAJOZ","06011","DEPORTIVA"
"06/0113","Privada","FUNDACIÓN PROCONDAL","G06514988","Intervivos","Si","No","Comunidad Autónoma","11/10/2007","Española","Almendralejo","BADAJOZ","06200","ASISTENCIAL-CULTURAL"
"73N","Privada","FUNDACIÓN PYMECON","G10384600","Intervivos","Si","No","Comunidad Autónoma","17/09/2008","Española","Plasencia","CÁCERES","10600","ASISTENCIAL"
"06/0151","Privada","FUNDACIÓN RICARDO LEAL","G01743673","Intervivos","Si","No","Comunidad Autónoma","06/08/2020","Española","Jerez de los Caballero","BADAJOZ","06380","LABORAL-DOCENTE"
"FDCC-2","Privada","FUNDACIÓN ROSENDO GALÁN",,"Mortis Causa","No","Si","Local","29/12/1929","Española","Montanchez","CÁCERES","10170","ASISTENCIAL-DOCENTE"
"06/0119","Privada","FUNDACIÓN SAHARA OCCIDENTAL","G06554505","Intervivos","Si","No","Comunidad Autónoma","16/03/2009","Española","Badajoz","BADAJOZ","06000","VARIOS"
"BAD-1-1-3-","Privada","FUNDACIÓN SAN JOSÉ DE VILLAFRANCA","G06223879","Intervivos","Si","Si","Local","05/06/1995","Española","Villafranca de los Barros","BADAJOZ","06220","DOCENTE"
"06/0123","Privada","FUNDACIÓN SAN JUAN DE DIOS DE EXTREMADURA","G06577787","Intervivos","Si","No","Comunidad Autónoma","04/03/2010","Española","Almendralejo","BADAJOZ","06200","SANITARIO"
"06/0081","Privada","FUNDACIÓN SAN MANUEL","G06143341","Mortis Causa","Si","No","Local","05/01/2000","Española","Sancti-Spiritusda","BADAJOZ","06655","BENEFICA-ASISTENCIAL"
"06/0068","Privada","FUNDACIÓN SANTA BARBARA Y SANTA EULALIA","G06267496","Intervivos","Si","No","Comunidad Autónoma","16/06/1997","Española","Valdebotoa","BADAJOZ","06194","DOCENTE"
"06/0137","Privada","FUNDACIÓN SARITA DE ANCIANOS DESAMPARADOS DE PUEBLA DEL MAESTRE","G06617237","Intervivos","Si","No","Comunidad Autónoma","22/11/2012","Española","Puebla del Maestre","BADAJOZ","06906","ASISTENCIA SOCIAL E INCLUSIÓN SOCIAL"
"06/0095","Privada","FUNDACIÓN SCHLEGEL","G06388276","Intervivos","Si","No","Comunidad Autónoma","10/06/2003","Española","Almendralejo","BADAJOZ","06200","CULTURAL"
"10/0016","Privada","FUNDACIÓN STA JULIA Y SAN LORENZO","G10110757","Mortis Causa","Si","Si","Local","19/04/1958","Española","Arroyo de la Luz","CÁCERES","10900","ASISTENCIAL"
"BAD-1-2-2","Privada","FUNDACIÓN TERCERO TORRES","G06145460","Mortis Causa","Si","Si","Comunidad Autónoma","09/11/1914","Española","Santa Marta","BADAJOZ","06150","DOCENTE"
"81N","Privada","FUNDACIÓN TOMILLO TIÉTAR","G10443943","Intervivos","Si","No","Comunidad Autónoma","16/12/2013","Española","Villanueva de la Vera","CÁCERES","10470","ASISTENCIA SOCIAL E INCLUSIÓN SOCIAL"
"06/0106","Privada","FUNDACIÓN UNIVERSIDAD SOCIEDAD","G06456487","Intervivos","Si","No","Comunidad Autónoma","02/10/2006","Española","Badajoz","BADAJOZ","06071","LABORAL"
"91N","Privada","FUNDACIÓN VERA","G10500817","Intervivos","Si","No","Comunidad Autónoma","21/06/2019","Española","Jaraiz de la Vera","CÁCERES","10400","ATENCIÓN A LAS PERSONAS EN RIESGO DE EXCLUSIÓN POR RAZONES FÍSICAS"
"10/0046","Privada","FUNDACIÓN VICENTA PÉREZ ALOE",,"Intervivos","No","Si","Comunidad Autónoma","21/07/1987","Española","Trujillo","CÁCERES","10200","ASISTENCIAL"
"06/0136","Sector Público","FUNDACIÓN VILLANUEVA XXI","G06620678","Intervivos","Si","No","Comunidad Autónoma","14/11/2012","Española","Villanueva","BADAJOZ","06700","INVESTIGACIÓN CIENTÍFICA Y DESARROLLO TECNOLÓGICO"
"90N","Privada","FUNDACIÓN WILLOW FUND","G10496842","Intervivos","Si","No","Comunidad Autónoma","07/02/2019","Española","Saucedilla","CÁCERES","10390","VARIOS"
