Nº INSCRIPCIÓN,FECHA DE INSCRIPCIÓN,DENOMINACIÓN SOCIAL,PROVINCIA,LOCALIDAD,CP
EXT-714,05/03/2004,"ACEUCHAL ASESORES, S.L.L.",BADAJOZ,Aceuchal,6207
9108,01/06/1994,EXPLOTACIONES AJERAS DE ACEUCHAL S.A.L.,BADAJOZ,Aceuchal,6207
3318,05/02/1988,"SAN ANTONIO ABAD, S.A.L.",BADAJOZ,Aceuchal,6207
7856,15/07/1992,SOCIEDAD ANONIMA LABORAL SAN ISIDRO DE ACEUCHAL,BADAJOZ,Aceuchal,6207
EXT-226,20/12/1999,"TRANS BUENAVIDA, S.L.L.",BADAJOZ,Aceuchal,6207
EXT-1179,24/09/2018,"RODRIGUEZ GONZALEZ SERVICIOS INTEGRALES, S.L.L.",BADAJOZ,Alange,6840
EXT-382,30/03/2001,"TRANSFORMACIONES EXTREMEÑOS DE LA MADERA, S.L.L.",BADAJOZ,Alburquerque,6510
EXT-1212,09/01/2023,"VILLARTESANA DE ALBURQUERQUE, S.L.L.",BADAJOZ,Alburquerque,6510
6336,29/06/1989,"""FLOR DE T, S.A.L""",BADAJOZ,Almendralejo,6200
7745,09/04/1992,"ACEITUNERA DEL GUADIANA, S.A.L.",BADAJOZ,Almendralejo,6200
5930,14/04/1989,"BARRAGAN FLECHAS, S.A.L",BADAJOZ,Almendralejo,6200
EXT-1162,23/06/2017,"BODEGAS LENEUS, SOCIEDAD DE RESPONSABILIDAD LIMITADA LABORAL",BADAJOZ,Almendralejo,6200
4983,27/10/1988,"BOLOTER, S.A.L",BADAJOZ,Almendralejo,6200
6675,18/10/1989,"CAVIVAL, S.A.L",BADAJOZ,Almendralejo,6200
3001,11/12/1987,"COMERCIAL DISTRIBUIDORA EXTREMEÑA TEXTIL (CODITEX), S.A.L.",BADAJOZ,Almendralejo,6200
6172,02/06/1989,"COMIS.A.L., S.A.L",BADAJOZ,Almendralejo,6200
EXT-718,18/03/2004,"CONSTRUCCIONES BENÍTEZ GONZÁLEZ, S.L.L.",BADAJOZ,Almendralejo,6200
6331,29/06/1989,"CONSTRUCCIONES CAROLINA CORONADO, S.A.L",BADAJOZ,Almendralejo,6200
EXT-510,03/05/2002,"COSME V. PERECEDEROS, S.L.L.",BADAJOZ,Almendralejo,6200
6103,18/05/1989,"CUYPA, S.A.L",BADAJOZ,Almendralejo,6200
6914,29/01/1990,"DISTRIBUCIONES RETOLI, S.A.L",BADAJOZ,Almendralejo,6200
EXT-593,11/12/2002,"ELEVACIÓN EXTREMEÑA, S.L.L.",BADAJOZ,Almendralejo,6200
EXT-854,13/01/2006,"ESTRUCTURAS HIDALC, S.L.L.",BADAJOZ,Almendralejo,6200
6711,02/11/1989,"EXCOUP, S.A.L",BADAJOZ,Almendralejo,6200
EXT-258,06/04/2000,"EXTREMADURA DE ACERO INOXIDABLE, S.L.L.",BADAJOZ,Almendralejo,6200
6896,23/01/1990,"EXTREMEÑA DE CONFECCION, S.A.L",BADAJOZ,Almendralejo,6200
7459,02/07/1991,"FOTOGRAFIA CASTILLO, S.A.L",BADAJOZ,Almendralejo,6200
6598,20/09/1989,"FRUTAS TARIFA, S.A.L",BADAJOZ,Almendralejo,6200
EXT-143,15/12/1998,"J. PRAT- CORTINAS, S.A.L.",BADAJOZ,Almendralejo,6200
EXT-121,22/07/1998,"L&A SOLUCIONES EMPRESARIALES, S.L.L.",BADAJOZ,Almendralejo,6200
EXT-634,22/05/2003,"LA CHIMENEA BLUE MOON, S.L.L.",BADAJOZ,Almendralejo,6200
EXT-509,03/05/2002,"LUISMA ZAMBRANO, S.L.L.",BADAJOZ,Almendralejo,6200
EXT-386,18/04/2001,"M.D.A. INFOTEX, S.L.L.",BADAJOZ,Almendralejo,6200
EXT-852,22/02/2006,MADERAS PLÁSTICAS ECOLÓGICAS DEL RECICLADO DE EXTREMADURA S.L.L.,BADAJOZ,Almendralejo,6200
EXT-548,11/07/2002,"MONTAJES ALMENDRALEJO, S.L.L.",BADAJOZ,Almendralejo,6200
EXT-582,30/10/2002,"MONTAJES IFITEC, S.L.L",BADAJOZ,Almendralejo,6200
9215,21/07/1994,"NACOLI, S.A.L.",BADAJOZ,Almendralejo,6200
EXT-0014,18/12/1995,"PROQUIEX, S.A.L.",BADAJOZ,Almendralejo,6200
EXT-535,04/06/2002,"PUERTAS BECGAR, S.L.L.",BADAJOZ,Almendralejo,6200
6748,16/11/1989,"RANGEL Y CANO, S.A.L",BADAJOZ,Almendralejo,6200
EXT-110,21/04/1998,"REPUESTOS INDUSTRIALES SAN MARCOS, S.L.L.",BADAJOZ,Almendralejo,6200
EXT-326,29/11/2000,"SAN MARCOS TRAVEL, S.L.L.",BADAJOZ,Almendralejo,6200
3256,01/02/1988,"SEREM, SERVICIOS EMPRESARIALES, S.A.L.",BADAJOZ,Almendralejo,6200
8137,21/01/1993,"TALLERES EXTREAUTO, S.A.L.",BADAJOZ,Almendralejo,6200
7144,09/07/1990,"TALLERES ODAVAL, S.A.L",BADAJOZ,Almendralejo,6200
EXT-779,31/01/2005,"TECNOLOGÍA ALMENDRALEJO, S.L.L.",BADAJOZ,Almendralejo,6200
EXT-251,24/03/2000,"TERMOPLASTICOS EXTREMEÑOS, S.L.L.",BADAJOZ,Almendralejo,6200
EXT-806,24/05/2005,"TOLDOS VÁZQUEZ E HIJOS, S.L.L.",BADAJOZ,Almendralejo,6200
EXT-1058,07/03/2012,"TORREALMENDROS, S.L.L.",BADAJOZ,Almendralejo,6200
EXT-899,15/11/2006,"TRANSFORMADOS METÁLICOS DE ALMENDRALEJO, S.L.L.",BADAJOZ,Almendralejo,6200
EXT-890,02/10/2006,"CARBÓNICAS DEL OESTE, S.L.L.",BADAJOZ,Arroyo de San Serván,6850
4306,24/06/1988,"FORMULA 3, S.A.L",BADAJOZ,Arroyo de San Serván,6850
6939,07/02/1990,"GONZALEZ ROCHAS, S.A.L.",BADAJOZ,Arroyo de San Serván,6850
EXT-1030,14/09/2010,"RED DE SERVICIOS SOCIALES DE EXTREMADURA EN ARROYO DE SAN SERVAN, S.L.L.",BADAJOZ,Arroyo de San Serván,6850
EXT-1104,15/11/2013,"SERVICIOS INTEGRALES DE HOSTELERÍA Y RESTAURACIÓN CLANDESTINO SLOW FOOD, S.L.L.",BADAJOZ,Arroyo de San Serván,6850
EXT-855,13/03/2006,"YESOS Y ESCAYOLAS BEMAZO, S.L.L.",BADAJOZ,Arroyo de San Serván,6850
5202,09/12/1988,"ALIMENTACIÓN AZUAGA, S.A.L.",BADAJOZ,Azuaga,6920
EXT-491,12/04/2002,"AUTO REPARACIONES AZUAGA, S.L.L.",BADAJOZ,Azuaga,6920
EXT-293,18/09/2000,"CALERO-ALEJANDRE Y ASOCIADOS, S.L.L.",BADAJOZ,Azuaga,6920
EXT-279,16/06/2000,"DIGITAL SUR, S.L.L.",BADAJOZ,Azuaga,6920
EXT-1157,07/04/2017,"EDUCAVIAL, S.L.L.",BADAJOZ,Azuaga,6920
EXT-821,12/09/2005,"PROOPRO DEL SUR, S.L.L.",BADAJOZ,Azuaga,6920
EXT-881,12/06/2006,"XPERMA MUSIC COLLECTIVE, S.L.L.",BADAJOZ,Azuaga,6920
EXT-1127,08/10/2014,"ABOGADOS Y ECONOMISTAS ESPECIALIZADOS, S.L.L.",BADAJOZ,Badajoz,6001
EXT-1193,23/07/2019,"ACOVEX, ACOMPAÑAMIENTO EN LA VEJEZ EN EXTREMADURA, S.L.L.",BADAJOZ,Badajoz,6001
1715,11/06/1987,"ALANDALUS, S.A.L.",BADAJOZ,Badajoz,6001
EXT-167,08/04/1999,"ALDABA FLORES CABALLERO, S.L.L.",BADAJOZ,Badajoz,6001
EXT-1207,16/12/2021,"ARRABAL & DÍAZ ASESORES, S.L.L.",BADAJOZ,Badajoz,6001
EXT-954,12/02/2008,"ASADOS PACENSES, S.L.L.",BADAJOZ,Badajoz,6001
EXT-961,01/04/2008,"ASISTENCIA A DEPENDIENTES EXTREMEÑOS, S.L.L.",BADAJOZ,Badajoz,6001
EXT-1010,01/07/2010,"ATENCION A PERSONAS DEPENDIENTES EN EXTREMADURA, S.L.L",BADAJOZ,Badajoz,6001
6668,17/10/1989,"AUTOMECANICA GODOY, S.A.L.",BADAJOZ,Badajoz,6001
7344,13/03/1991,"AUTOMOTOR DIESEL PARRA, S.A.L.",BADAJOZ,Badajoz,6001
EXT-805,18/05/2005,"AUTOMÓVILES ISIDRO RAMOS, S.L.L.",BADAJOZ,Badajoz,6001
EXT-719,18/03/2004,"BADART QUADROS, S.L.L.",BADAJOZ,Badajoz,6001
EXT-187,15/06/1999,"BALLESTAS Y REPUESTOS EXTREMADURA, S.L.L.",BADAJOZ,Badajoz,6001
7428,03/06/1991,"BARCENA RESTAURACION, S.A.L.",BADAJOZ,Badajoz,6001
8930,18/03/1994,"BLANCO, PASTELEROS-PANADEROS, S.A.L",BADAJOZ,Badajoz,6001
EXT-421,02/07/2001,"CANALIZACIONES MONTAÑO, S.L.L.",BADAJOZ,Badajoz,6001
EXT-190,02/07/1999,"CARNICAS CERRATO, S.A.L.",BADAJOZ,Badajoz,6001
EXT-626,23/04/2003,"CÁRNICAS CHILLÓN, S.L.L.",BADAJOZ,Badajoz,6001
EXT-1118,09/04/2014,"CDS FORMACIÓN PROFESIONAL Y DEPORTIVA, S.L.L.",BADAJOZ,Badajoz,6001
EXT-934,10/09/2007,"CENTRO CORPORAL DANAIDAS, S.L.L.",BADAJOZ,Badajoz,6001
EXT-834,01/12/2005,"CENTRO DE BELLEZA MENTA-LIMÓN, S.L.L.",BADAJOZ,Badajoz,6001
4849,10/10/1988,"CENTRO EXTREMEÑO DE MECANIZACIÓN EMPRESARIAL, S.A.L.",BADAJOZ,Badajoz,6001
2840,23/11/1987,"CERVECERA DE BADAJOZ, S.A.L.",BADAJOZ,Badajoz,6001
EXT-163,08/03/1999,"CEUROAL, S.L.L.",BADAJOZ,Badajoz,6001
EXT-1079,29/11/2012,"CLAVERO Y BALLESTEROS, S.L.L.",BADAJOZ,Badajoz,6001
8474,16/07/1993,"CLIMATIZACIONES PIZARRO, S.A.L.",BADAJOZ,Badajoz,6001
EXT-944,12/12/2007,"CLÍNICA VETERINARIA HUERTA ROSALES, S.L.L.",BADAJOZ,Badajoz,6001
5861,03/04/1989,"COMERCIAL ELECTRICA PACENSE, S.A.L.",BADAJOZ,Badajoz,6001
8648,10/11/1993,"COMERCIAL NUGAEX, S.A.L.",BADAJOZ,Badajoz,6001
8686,02/12/1993,"COMPAÑIA PACENSE DE SUMINISTROS, S.A.L.",BADAJOZ,Badajoz,6001
EXT-654,31/07/2003,"CONGRESOS & EVENTOS CONSULTING, S.L.L.",BADAJOZ,Badajoz,6001
EXT-1048,06/09/2011,"CONSULTING EXTREMEÑO DE ECONOMIA SOCIAL, S.L.L.",BADAJOZ,Badajoz,6001
7376,23/04/1991,"CRISPAT PAPEL, S.A.L.",BADAJOZ,Badajoz,6001
EXT-139,05/11/1998,"CRISTALERIA VALDEPASILLAS, S.A.L.",BADAJOZ,Badajoz,6001
EXT-1123,30/07/2014,"DAVID AMADOR, S.L.L.",BADAJOZ,Badajoz,6001
EXT-878,01/06/2006,"DICEM COMUNICACIONES, S.L.L.",BADAJOZ,Badajoz,6001
3885,25/04/1988,"DIENER, S.A.L.",BADAJOZ,Badajoz,6001
EXT-388,25/04/2001,"DIEXTRIVEN, S.L.L.",BADAJOZ,Badajoz,6001
EXT-804,10/05/2005,"EL MIRADOR DEL RUECAS, S.L.L.",BADAJOZ,Badajoz,6001
EXT-567,30/09/2002,"ESPINOSA BAÑO, S.L.L.",BADAJOZ,Badajoz,6001
9297,26/09/1994,"ESTACIÓN DE SERVICIO LAS VAGUADAS, SOCIEDAD ANÓNIMA LABORAL",BADAJOZ,Badajoz,6001
6240,14/06/1989,"ESTACION DE SERVICIO LAVADO Y ENGRASE BADAJOZ, S.A.L.",BADAJOZ,Badajoz,6001
EXT-699,30/01/2004,"ESTIGMA INFORMÁTICA, S.L.L.",BADAJOZ,Badajoz,6001
EXT-458,08/11/2001,"EUROPATEL COMUNICACIONES, S.L.L.",BADAJOZ,Badajoz,6001
9203,19/07/1994,"EXCLUSIVAS EXTREMEÑAS DE DISTRIBUCION, S.A.L.",BADAJOZ,Badajoz,6001
EXT-1137,12/05/2015,"EXTREMEÑA DE EDUCACIÓN, S.L.L.",BADAJOZ,Badajoz,6001
8928,16/03/1994,"FOTOGRAFIAS EXTREMEÑAS, S.A.L.",BADAJOZ,Badajoz,6001
EXT-229,13/01/2000,"FREIDURIA SAN ROQUE, S.A.L.",BADAJOZ,Badajoz,6001
EXT-0097,19/01/1998,"FRONTERA SERVICIOS PROFESIONALES, S.L.L.",BADAJOZ,Badajoz,6001
EXT-1154,25/01/2017,"FRUTAS JAVI Y CRISTO, S.L.L.",BADAJOZ,Badajoz,6001
3711,29/03/1988,"GABILEX, S.A.L.",BADAJOZ,Badajoz,6001
EXT-440,17/09/2001,"GARCIA SORIA OPTICA, S.A.L.",BADAJOZ,Badajoz,6001
EXT-1041,24/03/2004,"GENERACIÓN DE TECNOLOGIAS DE LA INFORMACIÓN, S.L.L.",BADAJOZ,Badajoz,6001
EXT-872,28/04/2006,"GEOCENTRO-CAC, S.L.L",BADAJOZ,Badajoz,6001
6358,04/07/1989,"GESINTE, S.A.L.",BADAJOZ,Badajoz,6001
EXT-992,31/07/2009,"GESTIÓN Y COMERCIALIZACIÓN INTEGRAL DE MEDIOS, S.L.L.",BADAJOZ,Badajoz,6001
EXT-1145,09/02/2016,"GONZÁLEZ RAMOS LOGISTICA, S.L.L.",BADAJOZ,Badajoz,6001
4997,31/10/1988,"GRAFICAS PACENSES, S.A.L.",BADAJOZ,Badajoz,6001
EXT-0010,17/10/1995,GRUPO 75 GESTIÓN Y DISTRUBUCIÓN COMERCIAL S.A.L,BADAJOZ,Badajoz,6001
EXT-0019,20/03/1996,"GUARNICIONERIA ABDON E HIJOS, S.L.L.",BADAJOZ,Badajoz,6001
EXT-118,08/07/1998,"GUISADO JARAMILLO, S.L.L.",BADAJOZ,Badajoz,6001
EXT-129,17/09/1998,"GULUAL, S.A.L.",BADAJOZ,Badajoz,6001
EXT-766,17/11/2004,"HERMANOS ESTARA GARCÍA CONSTRUCCIONES, S.L.L.",BADAJOZ,Badajoz,6001
EXT-575,08/10/2002,"HERMANOS MARSOL HOSTELERIA, S.L.L.",BADAJOZ,Badajoz,6001
EXT-880,12/06/2006,"HERRQUINT RESTAURACIONES, S.L.L.",BADAJOZ,Badajoz,6001
EXT-0043,22/01/1997,"HOSTELERIA PERERA, S.A.L.",BADAJOZ,Badajoz,6001
5592,17/02/1989,"INDUSTRIAS CAT, S.A.L.",BADAJOZ,Badajoz,6001
EXT-648,14/07/2003,"INFORMÁTICA Y TELECOMUNICACIONES BADAJOZ, S.L.L.",BADAJOZ,Badajoz,6001
EXT-907,16/01/2007,"INICIATIVAS EXTREMEÑAS DE INVERSIONES, S.L.L.",BADAJOZ,Badajoz,6001
EXT-302,11/10/2000,"INNOVACION TECNOLOGICA DE EXTREMADURA, S.L.L.",BADAJOZ,Badajoz,6001
EXT-415,27/06/2001,"INNOVACIONES TECNICAS NODUR, S.L.L.",BADAJOZ,Badajoz,6001
4180,03/06/1988,"INSTALAC. ELECTRICAS EXTREMEÑAS, S.A.L.",BADAJOZ,Badajoz,6001
8140,22/01/1993,"INSTALACIONES GENERALES EXTREMEÑAS, S.A.L.",BADAJOZ,Badajoz,6001
EXT-937,17/10/2007,"INSTALACIONES INTEGRALES DE EDIFICIOS, S.L.L.",BADAJOZ,Badajoz,6001
EXT-788,08/03/2005,"INSTALACIONES PACENSES GUISADOS, S.L.L.",BADAJOZ,Badajoz,6001
EXT-891,02/10/2006,"ISSOLEX-FERCA, S.L.L.",BADAJOZ,Badajoz,6001
EXT-1152,14/09/2016,"JARDINERIA LOIRA DISEÑO RIEGO Y PRODUCCIÓN, S.L.L.",BADAJOZ,Badajoz,6001
4292,20/06/1988,"JARDINES Y SERVICIOS PACENSES, S.A.L (JASPESAL)",BADAJOZ,Badajoz,6001
4088,17/05/1988,"JAT ESTILO, S.A.L.",BADAJOZ,Badajoz,6001
EXT-1083,24/01/2013,"JUAN FUENTES 2013, S.L.L.",BADAJOZ,Badajoz,6001
5789,20/03/1989,"LIMPIEZAS PACENSES, S.A.L.",BADAJOZ,Badajoz,6001
9395,05/12/1994,"LOCUTORIO RESIDENCIAL, S.A.L.",BADAJOZ,Badajoz,6001
8252,23/03/1993,"LOPECARRE, S.A.L.",BADAJOZ,Badajoz,6001
5727,09/03/1989,"LUIS MARQUEZ, S.A.L.",BADAJOZ,Badajoz,6001
6793,05/12/1989,"LUJANMA, S.A.L.",BADAJOZ,Badajoz,6001
EXT-684,03/12/2003,"LUMARANCAR, S.L.L.",BADAJOZ,Badajoz,6001
EXT-709,25/02/2004,"MALMARAL, VERTICAL-HORIZONTAL, S.L.L.",BADAJOZ,Badajoz,6001
EXT-297,25/09/2000,"MANOLO E ISABEL ALIMENTACIÓN, S.L.L.",BADAJOZ,Badajoz,6001
EXT-640,25/06/2003,"MARÍA GUERRERO DISEÑO, S.L.L.",BADAJOZ,Badajoz,6001
EXT-933,10/09/2007,"MARISMA LA MOLINETA, S.L.L.",BADAJOZ,Badajoz,6001
EXT-541,11/06/2002,"MARMOLES PACENSES, S.L.L.",BADAJOZ,Badajoz,6001
6846,27/12/1989,"MARTINEZ NOGALES, S.A.L.",BADAJOZ,Badajoz,6001
6687,24/10/1989,"MERCADO DE LA FLOR EXTREMEÑA, S.A.L",BADAJOZ,Badajoz,6001
EXT-875,17/05/2006,"METROPOL COPAS, S.L.L.",BADAJOZ,Badajoz,6001
EXT-980,11/11/2008,"MIRADOR DE SIERRAGRANDE, S.L.L.",BADAJOZ,Badajoz,6001
EXT-182,25/05/1999,"MOTOS Y REPUESTOS SECO, S.L.L.",BADAJOZ,Badajoz,6001
3766,08/04/1988,"NISA-JARA, S.A.L.",BADAJOZ,Badajoz,6001
EXT-522,15/05/2002,"PACO Y ANTONIO LAVADO, S.L.L.",BADAJOZ,Badajoz,6001
9354,10/11/1994,"PALESTRA OLIMPO, S.A.L.",BADAJOZ,Badajoz,6001
EXT-569,02/10/2002,"PERSIANAS Y ALUMINIOS DIEGUEZ, S.L.L.",BADAJOZ,Badajoz,6001
7690,05/03/1992,"PIENSOS MENDIOLA, S.A.L.",BADAJOZ,Badajoz,6001
EXT-542,12/06/2002,"PINILLA & RODRIGUEZ DISEÑO GRAFICO, S.L.L.",BADAJOZ,Badajoz,6001
EXT-395,11/05/2001,"PISCONZA, S.L.L.",BADAJOZ,Badajoz,6001
EXT-556,16/07/2002,PO YA QUE... S.L.L.,BADAJOZ,Badajoz,6001
EXT-563,12/09/2002,"PONBARNES BADAJOZ, S.L.L.",BADAJOZ,Badajoz,6001
EXT-901,24/11/2006,"PROLESPI, S.L.L.",BADAJOZ,Badajoz,6001
1098,18/03/1987,"PROYECTOS Y SERVICIOS CIUDADANOS, S.A.L.",BADAJOZ,Badajoz,6001
9524,16/03/1995,"RADIADORES Y MAQUINARIA HERMANOS DEZA, S.A.L.",BADAJOZ,Badajoz,6001
EXT-203,16/09/1999,"RECREATIVOS EXTREMEÑOS LOMA, S.L.L.",BADAJOZ,Badajoz,6001
EXT-993,03/09/2009,"RED DE SERVICIOS SOCIALES DE EXTREMADURA, BADAJOZ, S.L.L.",BADAJOZ,Badajoz,6001
7708,17/03/1992,"REPUESTOS ROJAS E HIJOS, S.A.L.",BADAJOZ,Badajoz,6001
9078,24/05/1994,"REQUIMA, S.A.L.",BADAJOZ,Badajoz,6001
EXT-777,10/01/2005,"SAAVEDRA VELOSA SERVICIOS INTERNACIONALES, S.L.L.",BADAJOZ,Badajoz,6001
EXT-889,28/09/2006,"SABOREANDO CENTRO DE ATENCIÓN NATURAL, S.L.L.",BADAJOZ,Badajoz,6001
EXT-360,22/02/2001,"SEGURYMANIA, S.L.L.",BADAJOZ,Badajoz,6001
EXT-847,14/02/2006,"SERELMA SERVICIOS Y REFORMAS, S.L.L.",BADAJOZ,Badajoz,6001
7683,03/03/1992,"SERVICIOS COORDINADOS INGENIERIA E INSTALACIONES DE EXTREMADURA, S.A.L.",BADAJOZ,Badajoz,6001
8048,23/11/1992,"SERVICIOS MEDIOAMBIENTALES EXTREMEÑOS, S.A.L",BADAJOZ,Badajoz,6001
EXT-287,25/07/2000,"SUMINISTROS EXTREMEÑOS DE ALUMINIO, S.L.L.",BADAJOZ,Badajoz,6001
EXT-0051,27/02/1997,"TALLERES BENITO E HIJOS, S.A.L.",BADAJOZ,Badajoz,6001
EXT-181,25/05/1999,"TALLERES CARLOS CORONADO, S.L.L.",BADAJOZ,Badajoz,6001
EXT-0004,27/09/1995,"TÉCNICAS APLICADAS AL METAL, S.A.L.",BADAJOZ,Badajoz,6001
7260,18/12/1990,"TECNICAS OFIMATICAS DE EXTREMADURA, S.A.L.",BADAJOZ,Badajoz,6001
EXT-820,15/09/2005,"TOTAL LOOK ASESORES DE IMAGEN, S.L.L.",BADAJOZ,Badajoz,6001
6498,02/08/1989,"TRAMA CERO, S.A.L.",BADAJOZ,Badajoz,6001
EXT-497,22/04/2002,"TRANSEUROBRICO, S.L.L.",BADAJOZ,Badajoz,6001
EXT-344,30/01/2001,"TRANSFORMADORES DE ALUMINIO BADAJOZ Y ELVAS, S.L.L",BADAJOZ,Badajoz,6001
7610,30/12/1991,"TRANSFORMADOS LOS PEPES, S.A.L.",BADAJOZ,Badajoz,6001
2914,30/11/1987,"TRANSPORTES EXTREMADURA, S.A.L.",BADAJOZ,Badajoz,6001
EXT-1064,18/04/2012,"TRAZA&CONTROL IBÉRICA,S.L.L.",BADAJOZ,Badajoz,6001
EXT-188,16/06/1999,"VEMA MONTAJES ELECTRICOS, S.A.L.",BADAJOZ,Badajoz,6001
EXT-924,17/05/2007,"VERDASCO PAJARES ASESORES, S.L.L.",BADAJOZ,Badajoz,6001
7671,20/02/1992,"VIAJES EUROMUNDO, S.A.L.",BADAJOZ,Badajoz,6001
EXT-902,11/12/2006,"XIA WEI XIANG, S.L.L.",BADAJOZ,Badajoz,6001
6620,22/09/1989,"AGRODAR, S.A.L.",BADAJOZ,Barcarrota,6160
EXT-1198,11/12/2019,"BENA REDES, S.L.L.",BADAJOZ,Barcarrota,6160
6494,01/08/1989,"CASA TERRON, S.A.L.",BADAJOZ,Barcarrota,6160
EXT-411,25/06/2001,"LUSA CRISA, S.A.L.",BADAJOZ,Barcarrota,6160
9052,17/05/1994,"POZOS Y SONDEOS ALCARRACHE, S.A.L.",BADAJOZ,Barcarrota,6160
6491,01/08/1989,"TALLERES HERMANOS SOSA, S.A.L.",BADAJOZ,Barcarrota,6160
8522,23/08/1993,"TORVISCO MALDONADO, S.A.L.",BADAJOZ,Barcarrota,6160
EXT-1068,05/07/2012,"ULTREIA RUMBO SUR, S.L.L.",BADAJOZ,Barcarrota,6160
EXT-0062,22/04/1997,"ALIMENTACIÓN BERLANGA, S.A.L.",BADAJOZ,Berlanga,6930
1481,11/05/1987,"CONSTRUCCIONES Y REPARACIONES BERLANGUEÑAS, S.A.L.",BADAJOZ,Berlanga,6930
EXT-1019,01/09/2010,"RES DE SERVICIOS SOCIALES DE EXTREMADURA EN BODONAL DE LA SIERRA, S.L.L.",BADAJOZ,Bodonal de la Sierra,6394
EXT-905,15/12/2006,"ALIMENTACIÓN MORENO SALGADO, S.L.L.",BADAJOZ,Cabeza del Buey,6600
7550,21/10/1991,"CENTRO DE ALIMENTACION Y BEBIDAS, CABEZA DEL BUEY, S.A.L.",BADAJOZ,Cabeza del Buey,6600
1831,24/06/1987,"DISTRIBUCIONES MARQUEZ, S.A.L.",BADAJOZ,Cabeza del Buey,6600
7129,22/06/1990,"LUTRESO, S.A.L",BADAJOZ,Cabeza del Buey,6600
EXT-257,03/04/2000,"MULTISERVICIO LA SERENA, S.L.L.",BADAJOZ,Cabeza del Buey,6600
EXT-511,06/05/2002,"CÁRNICAS PEÑAS ALTAS, S.L.L.",BADAJOZ,Cabeza la Vaca,6293
EXT-0059,14/04/1997,"AUTOMOCIÓN Y VENTA EXTREMADURA, S.A.L.",BADAJOZ,Calamonte,6810
EXT-997,30/11/2009,"CÁRNICAS JUAN FRANCO E HIJOS, S.L.L.",BADAJOZ,Calamonte,6810
EXT-109,16/04/1998,"CRUZ DISTRIBUIDORA EXTREMEÑA, S.A.L.",BADAJOZ,Calamonte,6810
EXT-784,11/02/2005,"INSTALACIONES ELÉCTRICAS CALAMONTE, S.L.L.",BADAJOZ,Calamonte,6810
EXT-1144,22/12/2015,"LUALMA MIAJADAS, S.L.L.",BADAJOZ,Calamonte,6810
6018,27/04/1989,"MUEBLES ROMA II, S.A.L.",BADAJOZ,Calamonte,6810
EXT-1020,01/09/2010,"RED DE SERVICIOS SOCIALES DE EXTREMADURA EN CALAMONTE, S.L.L.",BADAJOZ,Calamonte,6810
7925,25/08/1992,"SERVICIOS TECNICOS CERVECEROS, S.A.L.",BADAJOZ,Calamonte,6810
6346,03/07/1989,"PORRAS Y MIRANDA, S.A.L.",BADAJOZ,Calzadilla de los Barros,6249
EXT-1015,01/09/2010,"REDE DE SERVICIOS SOCIALES DE EXTREMADURA EN CALZADILLA DE LOS BARROS, S.L.L.",BADAJOZ,Calzadilla de los Barros,6249
EXT-637,10/06/2003,"ALIMENTACIÓN CAMPANARIO, S.L.L.",BADAJOZ,Campanario,6459
7135,27/06/1990,"AZULEJOS Y PAVIMENTOS GALLARDO, S.A.L.",BADAJOZ,Campanario,6459
2142,20/08/1987,"MAIPA, S.A.L.",BADAJOZ,Campanario,6459
6678,20/10/1989,"ANIFRANDI, S.A.L.",BADAJOZ,Castuera,6420
6506,04/08/1989,"COMERCIAL GRAGERA, S.A.L.",BADAJOZ,Castuera,6420
7225,26/10/1990,"HERMANOS GUISADO, S.A.L.",BADAJOZ,Castuera,6420
3271,02/02/1988,"LOS CASTUOS, S.A.L.",BADAJOZ,Castuera,6420
EXT-367,28/02/2001,"TALLERES VALDIVIA, S.L.L.",BADAJOZ,Castuera,6420
EXT-0016,09/02/1996,"TURRONES LOS SEIS, S.A.L.",BADAJOZ,Castuera,6420
6335,29/06/1989,"TRANSPORTES GOMEZ CASAS, S.A.L.",BADAJOZ,Corte de Peleas,6196
EXT-1166,10/11/2017,"CONSTRUCCIONES BARRERO 2017, S.L.L.",BADAJOZ,Don Álvaro,6820
EXT-1012,10/08/2010,"03 COM OPEN SOURCE, S.A.L.",BADAJOZ,Don Benito,6400
6592,19/09/1989,"AFISAL, S.A.L.",BADAJOZ,Don Benito,6400
EXT-0086,14/10/1997,"AGRIVEAL DE DON BENITO, S.L.L.",BADAJOZ,Don Benito,6400
7340,11/03/1991,"ALMACEN DE CONSTRUCCION SANCHEZ, S.A.L.",BADAJOZ,Don Benito,6400
EXT-529,21/05/2002,"BAR RESTAURANTE EL TORDO, S.L.L.",BADAJOZ,Don Benito,6400
5060,11/11/1988,"BLAN-MOR, S.A.L.",BADAJOZ,Don Benito,6400
EXT-918,02/04/2007,"CREACIONES ELFIKAS, S.L.L.",BADAJOZ,Don Benito,6400
EXT-1090,31/05/2013,"ELECTRO MATERIALES DON BENITO, S.L.L.",BADAJOZ,Don Benito,6400
EXT-515,08/05/2002,"EXCAVACIONES MELCHOR E HIJOS, S.L.L.",BADAJOZ,Don Benito,6400
1069,13/03/1987,"EXTREMEÑA DE GESTION, S.A.L.",BADAJOZ,Don Benito,6400
EXT-811,13/06/2005,"FONTANERÍA EXTREMEÑA GÓMEZ LOZANO, S.L.L.",BADAJOZ,Don Benito,6400
EXT-0049,12/02/1997,"FUNERARIA - VELATORIO MATEOS, S.A.L.",BADAJOZ,Don Benito,6400
EXT-0088,24/10/1997,"GARCIA DE LEON SEGADOR, S.L.L.",BADAJOZ,Don Benito,6400
EXT-732,14/05/2004,"INSTALACIONES SMAP, S.L.L.",BADAJOZ,Don Benito,6400
EXT-665,09/10/2003,"JUGUECANO, S.L.L.",BADAJOZ,Don Benito,6400
EXT-1187,27/02/2019,"LA FLAMENCA TAURINA, S.L.L.",BADAJOZ,Don Benito,6400
EXT-191,05/07/1999,"MAQUINARIA Y EXCAVACIONES FERCA, S.A.L.",BADAJOZ,Don Benito,6400
EXT-710,26/02/2004,"MYPTEL 2003, S.L.L.",BADAJOZ,Don Benito,6400
EXT-1000,10/02/2010,"OEX CM, S.L.L.",BADAJOZ,Don Benito,6400
6330,28/06/1989,"PANADERIA ANDUJAR, S.A.L.",BADAJOZ,Don Benito,6400
6440,21/07/1989,"PRODEPLAST, S.A.L.",BADAJOZ,Don Benito,6400
EXT-1140,03/08/2015,"RECAMBIOS ARAUJO, S.L.L.",BADAJOZ,Don Benito,6400
EXT-858,28/03/2006,"RESTAURANTE LA PINZA EL PUERTO, S.L.L.",BADAJOZ,Don Benito,6400
7124,20/06/1990,"SANCHEZ PORRO CARMONA, S.A.L.",BADAJOZ,Don Benito,6400
5582,16/02/1989,"SEINEXCO, S.A.L.",BADAJOZ,Don Benito,6400
7626,15/01/1992,"SERAEX, S.A.L.",BADAJOZ,Don Benito,6400
EXT-667,21/10/2003,"SOLTEC SERVICIOS DIGITALES, S.L.L.",BADAJOZ,Don Benito,6400
EXT-1002,24/03/2010,"CATACALA, S.L.L.",BADAJOZ,El Raposo,6392
EXT-512,06/05/2002,"EXCAVACIONES FAMILIA SÁNCHEZ, S.L.L.",BADAJOZ,Entrerrios,6710
7775,21/05/1992,"GONDOLAS Y ARIDOS, S.A.L.",BADAJOZ,Esparragalejo,6860
EXT-1097,27/08/2013,"PINTO CABALLERO, S.L.L.",BADAJOZ,Esparragosa de la Serena,6439
EXT-544,03/07/2002,"QUESERÍA ARTESANAL RIBERA DEL ZÚJAR, S.L.L.",BADAJOZ,Esparragosa de Lares,6620
EXT-161,03/03/1999,"DISTRIBUCIONES NERTOBRIGA DE FREGENAL, S.A.L.",BADAJOZ,Fregenal de la Sierra,6340
EXT-132,05/10/1998,"DISTRIBUCIONES Y REPRESENTACIONES ALVARO, S.A.L.",BADAJOZ,Fregenal de la Sierra,6340
3435,24/02/1988,"GOLOSINAS GUADIANA, S.A.L.",BADAJOZ,Fregenal de la Sierra,6340
9411,22/12/1994,"HORMIFREX, S.A.L.",BADAJOZ,Fregenal de la Sierra,6340
EXT-545,03/07/2002,"PRODEMA LABORATORIO DENTAL, S.L.L.",BADAJOZ,Fregenal de la Sierra,6340
6544,07/09/1989,"TEXTIL FREXNENSE, S.A.L.",BADAJOZ,Fregenal de la Sierra,6340
EXT-1026,09/09/2010,"RED DE SERVICIOS SOCIALES DE EXTREMADURA EN FUENLABRADA DE LOS MONTES, S.L.L.",BADAJOZ,Fuenlabrada de los Montes,6660
EXT-673,05/11/2003,"FERCORSAM GAS, S.L.L.",BADAJOZ,Fuente de Cantos,6240
EXT-0046,31/01/1997,"FUENTECANTEÑA DE URBANISMO Y RECURSOS EMPRESARIALES, S.A.L.",BADAJOZ,Fuente de Cantos,6240
EXT-1171,04/05/2018,"SOCIEDAD EDUCATIVA SAN FRANCISCO JAVIER, S.L.L.",BADAJOZ,Fuente de Cantos,6240
EXT-0089,27/10/1997,"SUPERMERCADOS CASTILLO, S.A.L.",BADAJOZ,Fuente de Cantos,6240
EXT-0018,12/02/1996,"HOTEL RESTAURANTE MAXI, S.A.L.",BADAJOZ,Fuente del Maestre,6360
EXT-1202,11/06/2020,"POLLOS VIELSA, S.L.L.",BADAJOZ,Fuente del Maestre,6360
EXT-0068,23/06/1997,"TAYDEFON, S.A.L.",BADAJOZ,Fuente del Maestre,6360
7349,20/03/1991,"HERMANOS DIAZ DOMINGUEZ, S.A.L.",BADAJOZ,Fuentes de León,6280
6657,11/10/1989,"MERINO ALBALATE, S.A.L.",BADAJOZ,Gargáligas,6711
EXT-1024,09/09/2010,"REDE DE SERVICIOS SOCIALES DE EXTREMADRA EN GARLITOS, S.L.L.",BADAJOZ,Garlitos,6656
EXT-1004,20/04/2010,"TRANSPORTES Y MOVIMIENTOS JOGAMA, S.L.L.",BADAJOZ,Gévora,6180
EXT-1016,01/09/2010,"RED DE SERVICIOS SOCIALES DE EXTREMADURA EN GUADIANA DEL CAUDILLO, S.L.L.",BADAJOZ,Guadiana del Caudillo,6186
EXT-306,23/10/2000,"TALAN TENA ESTACION DE SERVICIO, S.A.L.",BADAJOZ,Guadiana del Caudillo,6186
EXT-1129,13/11/2014,"GUAREÑA MOTOR, S.L.L.",BADAJOZ,Guareña,6410
EXT-1149,14/07/2016,"HOSTELGUA10, S.L.L.",BADAJOZ,Guareña,6410
EXT-647,02/07/2003,"LA RECOBERA, S.A.L.",BADAJOZ,Guareña,6410
EXT-607,17/02/2003,"TALLERES FRUYMAN, S.L.L.",BADAJOZ,Guareña,6410
EXT-207,04/10/1999,"ALMACENES LAS CUMBRES DE HERRERA, S.L.L.",BADAJOZ,Herrera del Duque,6670
6938,07/02/1990,"LOS TRES GOMEZ, S.A.L",BADAJOZ,Herrera del Duque,6670
EXT-1006,19/05/2010,"PRILABIN, S.L.L.",BADAJOZ,Herrera del Duque,6670
EXT-1042,03/05/2011,"BLANCA SERENA, S.L.L.",BADAJOZ,Higuera de la Serena,6441
EXT-361,22/02/2001,"IVAN DE VARGAS, S.A.L.",BADAJOZ,Higuera de Vargas,6132
EXT-452,22/10/2001,"HOSTAL RESTAURANTE HIGUERA, S.A.L.",BADAJOZ,Higuera la Real,6350
EXT-698,27/01/2004,"QUESERÍA EL CHAPÍN, S.L.L.",BADAJOZ,Hinojosa del Valle,6226
7767,18/05/1992,"FABRICA DE EMBUTIDOS HERMANOS BECERRA, S.A.L.",BADAJOZ,Hornachos,6228
6136,26/05/1989,"RADIO HORNACHOS, S.A.L.",BADAJOZ,Hornachos,6228
EXT-1192,15/07/2019,"BISUTERÍA JEREZ, S.L.L.",BADAJOZ,Jerez de los Caballeros,6380
7373,15/04/1991,"BODEGAS RICHARDSON, S.A.L.",BADAJOZ,Jerez de los Caballeros,6380
EXT-1175,01/08/2018,"CEBERINO Y ANDALUZ, S.L.L.",BADAJOZ,Jerez de los Caballeros,6380
EXT-1173,10/07/2018,"CERVECERIA CAFETERIA CRISTINA, S.L.L.",BADAJOZ,Jerez de los Caballeros,6380
EXT-631,30/04/2003,"CONSTRUCCIONES AMARO MÁRQUEZ, S.L.L.",BADAJOZ,Jerez de los Caballeros,6380
EXT-160,25/02/1999,"CONSTRUCCIONES BRAVO ESCUDERO, S.L.L.",BADAJOZ,Jerez de los Caballeros,6380
EXT-528,20/05/2002,"CONSTRUCCIONES BROVALES, S.L.L.",BADAJOZ,Jerez de los Caballeros,6380
EXT-1190,23/05/2019,"DEHESA DEL TEMPLE, S.L.L.",BADAJOZ,Jerez de los Caballeros,6380
6686,24/10/1989,"GUIMEL III, S.A.L",BADAJOZ,Jerez de los Caballeros,6380
EXT-1182,27/11/2018,"HERNANDO DE SOTO, S.L.L.",BADAJOZ,Jerez de los Caballeros,6380
6642,03/10/1989,"HOTELERA DE JEREZ, S.A.L.",BADAJOZ,Jerez de los Caballeros,6380
7501,21/08/1991,"JAMONES Y EMBUTIDOS NEILA, S.A.L.",BADAJOZ,Jerez de los Caballeros,6380
EXT-973,06/08/2008,"MERLÍN EXPRESS, S.L.L.",BADAJOZ,Jerez de los Caballeros,6380
7652,04/02/1992,"COMERCIAL HIPOLITO GORDILLO, S.A.L.",BADAJOZ,La Albuera,6170
EXT-871,28/04/2006,"REVECOR SEIS, S.L.L.",BADAJOZ,La Coronada,6469
EXT-1099,02/09/2013,"HERCIO TELECOMUNICACIONEX, S.L.L.",BADAJOZ,La Garrovilla,6870
EXT-761,26/10/2004,"SUMINISTROS Y MANIPULADOS EXTREMEÑOS, S.L.L.",BADAJOZ,La Garrovilla,6870
EXT-128,16/09/1998,"CEPYME ASESORAMIENTO, S.L.L.",BADAJOZ,La Roca de la Sierra,6190
EXT-1160,15/05/2017,"CONSTRUCCIONES GUERRERO Y PRADO, S.L.L.",BADAJOZ,La Zarza,6830
5788,20/03/1989,"FLORCODE, S.A.L.",BADAJOZ,La Zarza,6830
7685,05/03/1992,"HORNO LA LAGUNA, S.A.L.",BADAJOZ,La Zarza,6830
EXT-711,26/02/2004,"ASESORÍA MILLÁN AGUZA, S.L.L.",BADAJOZ,Llerena,6900
6854,05/01/1990,"AUVISA-LLERENA, S.A.L.",BADAJOZ,Llerena,6900
EXT-1142,21/09/2015,"CARACOLES EL TESORILLO, S.L.L.",BADAJOZ,Llerena,6900
EXT-734,28/05/2004,"CLÍNICA DE FISIOTERAPIA Y REHABILITACIÓN NUESTRA SEÑORA DE LOS REMEDIOS, S.L.L.",BADAJOZ,Llerena,6900
EXT-590,25/11/2002,"ENVASES FLEXIBLES DEL SUR, S.L.L.",BADAJOZ,Llerena,6900
6310,23/06/1989,"MAESLIRE, S.A.L.",BADAJOZ,Llerena,6900
EXT-965,09/05/2008,"MULTIPRECIOS EL BUEN GUSTO, S.L.L.",BADAJOZ,Llerena,6900
EXT-970,24/07/2008,"OCIO Y ENTRETENIMIENTO LLERENA, S.L.L.",BADAJOZ,Llerena,6900
EXT-927,26/06/2007,"SABIDO ATALAYA, S.L.L.",BADAJOZ,Llerena,6900
EXT-739,04/06/2004,"SETRAEX, S.L.L.",BADAJOZ,Llerena,6900
EXT-266,08/05/2000,"SIERRA DE SAN MIGUEL, S.L.L.",BADAJOZ,Llerena,6900
EXT-826,18/10/2005,"SUPER ABASTOS LLERENA, S.L.L.",BADAJOZ,Llerena,6900
EXT-1086,12/04/2013,"TRESMASUNA MOBILIARIA, S.L.L.",BADAJOZ,Llerena,6900
EXT-931,11/07/2007,"GUERRERO Y LANCHO, S.L.L.",BADAJOZ,Lobón,6187
EXT-618,26/03/2003,"ALBERTO Y YOLI, S.L.L.",BADAJOZ,Los Santos de Maimona,6230
EXT-583,05/11/2002,"ANTONIO ORTIZ SANCHEZ E HIJOS, S.L.L.",BADAJOZ,Los Santos de Maimona,6230
EXT-1128,30/10/2014,"BÁSCULAS ZAFRA, S.L.L.",BADAJOZ,Los Santos de Maimona,6230
EXT-594,12/12/2002,"CARPINTERIA GONSA, S.L.L.",BADAJOZ,Los Santos de Maimona,6230
7118,19/06/1990,"EMBUTIDOS MORATOS, S.A.L.",BADAJOZ,Los Santos de Maimona,6230
EXT-442,19/09/2001,"GRANITOS MARMOLES LA ESTRELLA, S.L.L.",BADAJOZ,Los Santos de Maimona,6230
EXT-742,24/06/2004,"GRUPO DOÑA CAMISETA, S.L.L.",BADAJOZ,Los Santos de Maimona,6230
7530,24/09/1991,"HORMIGONES SANTEÑOS, S.A.L.",BADAJOZ,Los Santos de Maimona,6230
7176,17/08/1990,"IMPRENTA UNION CUATRO, S.A.L.",BADAJOZ,Los Santos de Maimona,6230
7037,06/04/1990,"TALLERES MAIMONA, S.A.L.",BADAJOZ,Los Santos de Maimona,6230
EXT-531,22/05/2002,"TALLERES PILARITO, S.L.L.",BADAJOZ,Los Santos de Maimona,6230
2141,24/08/1987,"BEAT, S.A.L",BADAJOZ,Magacela,6468
EXT-432,23/07/2001,"A&M INFOTEL 2001, S.L.L.",BADAJOZ,Mérida,6800
EXT-1176,24/08/2018,"ACUARELA AVANZA, S.L.L.",BADAJOZ,Mérida,6800
7672,20/02/1992,"ARIDOS MIAJADAS, S.A.L.",BADAJOZ,Mérida,6800
EXT-1037,15/02/2011,"ARISTEX OBRAS, S.L.L.",BADAJOZ,Mérida,6800
EXT-869,20/04/2006,"ASESORÍA LAS SIETE SILLAS, S.L.L.",BADAJOZ,Mérida,6800
EXT-935,28/09/2007,"AUTOESCUELA PUNTO DE PARTIDA, S.L.L.",BADAJOZ,Mérida,6800
2801,18/11/1987,"AUTOMOVILES ARPA, S.A.L.",BADAJOZ,Mérida,6800
EXT-447,27/09/2001,"BAUTISTA CERRATO CENTRO DE PELUQUERIA, S.L.L.",BADAJOZ,Mérida,6800
1712,11/06/1987,"CAEX, S.A.L.",BADAJOZ,Mérida,6800
EXT-1069,05/07/2012,"CARDIAREM, S.L.L.",BADAJOZ,Mérida,6800
EXT-808,01/06/2005,"CHARCUTAPA, S.L.L.",BADAJOZ,Mérida,6800
EXT-135,16/10/1998,"CISA COMERCIO, INGENIERIA Y SERV. ACUSTICOS, S.A.L.",BADAJOZ,Mérida,6800
EXT-978,22/10/2008,"COCINAS HERMANOS PIZARRO, S.L.L.",BADAJOZ,Mérida,6800
6493,01/08/1989,"COFEE CATERING, S.A.L.",BADAJOZ,Mérida,6800
5005,02/11/1988,"COMERCIAL EXTREMEÑA DE LACTEOS, S.A.L.",BADAJOZ,Mérida,6800
EXT-1155,24/02/2017,"COMERCIO Y GESTIONES HISPANO LUSA, S.L.L.",BADAJOZ,Mérida,6800
EXT-0017,12/02/1996,"CONGELADOS MARCHENA, S.A.L.",BADAJOZ,Mérida,6800
EXT-1135,04/05/2015,"CONSULTING DE MÉRIDA 1.995, S.L.L.",BADAJOZ,Mérida,6800
EXT-860,28/03/2006,"COPRESAEX FORMACIÓN, S.L.L.",BADAJOZ,Mérida,6800
EXT-1133,20/02/2015,"CREATIVEBOX SHOP, S.L.L.",BADAJOZ,Mérida,6800
5743,13/03/1989,"CULTIVADORES ASOCIADOS, S.A.L.",BADAJOZ,Mérida,6800
EXT-1054,17/01/2012,"D&M EDITORES ASOCIADOS DE PRENSA, S.L.L.",BADAJOZ,Mérida,6800
5840,03/04/1989,"DISTRIBUIDORA DE ALIMENTACION EXTREMEÑA, S.A.L.",BADAJOZ,Mérida,6800
5809,27/03/1989,"DISTRIBUIDORA REGIONAL EXTREMEÑA, S.A.L.",BADAJOZ,Mérida,6800
1616,29/05/1987,"DISTRIBUIDORA VIA DE LA PLATA, S.A.L.",BADAJOZ,Mérida,6800
EXT-1184,25/01/2019,"DORADO AUTOMOCIÓN 2018, S.L.L.",BADAJOZ,Mérida,6800
EXT-919,25/04/2007,"ECO ENERGÉTICA EXTREMEÑA, S.L.L.",BADAJOZ,Mérida,6800
8524,23/08/1993,"EL PRADO EXTREMEÑO, S.A.L.",BADAJOZ,Mérida,6800
EXT-752,23/09/2004,"EL PUERTO SIETE, S.L.L.",BADAJOZ,Mérida,6800
EXT-682,02/12/2003,"EQUIPAMIENTOS DEL GAS DE EXTREMADURA, S.L.L.",BADAJOZ,Mérida,6800
EXT-754,23/09/2004,"EXCLUSIVAS KAREM, S.L.L.",BADAJOZ,Mérida,6800
EXT-1034,15/12/2010,"EXFRIEL 2010, S.L.L.",BADAJOZ,Mérida,6800
5841,03/04/1989,"EXTREMEÑA DE BOLLERIA, S.A.L.",BADAJOZ,Mérida,6800
5486,31/01/1989,"EXTREMEÑA DE CAMIONES, S.A.L.",BADAJOZ,Mérida,6800
4934,20/10/1988,"F.F.L. PRODUCCION, S.A.L.",BADAJOZ,Mérida,6800
EXT-1185,11/02/2019,"FELT ASESORÍA JURÍDICA, S.L.L.",BADAJOZ,Mérida,6800
EXT-561,10/09/2002,"FERRETERIA CANOVAS-TORNILLERIA, S.L.L.",BADAJOZ,Mérida,6800
EXT-350,09/02/2001,"FIGUELIN, S.L.L.",BADAJOZ,Mérida,6800
EXT-946,12/12/2007,"FINCAS EMÉRITA AUGUSTA, S.L.L.",BADAJOZ,Mérida,6800
EXT-0032,13/09/1996,"FOTO C&C LABORATORIO ESTUDIO, S.A.L.",BADAJOZ,Mérida,6800
EXT-996,20/11/2009,"FUNZIONA OBRAS, S.L.L.",BADAJOZ,Mérida,6800
EXT-443,24/09/2001,"G. L. SANITRANS, S.L.L.",BADAJOZ,Mérida,6800
EXT-410,25/06/2001,"GAMEROIL, S.A.L.",BADAJOZ,Mérida,6800
EXT-0039,20/01/1997,"GESBODA, S.A.L.",BADAJOZ,Mérida,6800
EXT-999,02/02/2010,"GRÁFICAS PARAISO DIGITAL, S.L.L.",BADAJOZ,Mérida,6800
EXT-527,20/05/2002,"GRANITOS HERGOMPA, S.L.L.",BADAJOZ,Mérida,6800
EXT-883,16/06/2006,"GRUDIEX 3000, S.L.L.",BADAJOZ,Mérida,6800
EXT-725,05/04/2004,"GRUPO MENA Y DOMÍNGUEZ, S.L.L.",BADAJOZ,Mérida,6800
EXT-131,29/09/1998,"GRUPOCINCO-SANEAMIENTOS EXTREMADURA, S.A.L.",BADAJOZ,Mérida,6800
EXT-180,19/05/1999,"HERMANOS CHAMORRO HORRILLO, S.A.L.",BADAJOZ,Mérida,6800
3693,28/03/1988,"HERMANOS NUÑEZ ESTEBAN, S.A.L.",BADAJOZ,Mérida,6800
EXT-1163,21/07/2017,"HERMANOS SÁNCHEZ ESPADIÑA, S.L.L.",BADAJOZ,Mérida,6800
EXT-613,17/03/2003,"HISPALUS,GESTIÓN Y MECANIZACIÓN DE EMPRESAS, S.L.L",BADAJOZ,Mérida,6800
EXT-1084,19/02/2013,"HORMIGONES ALBA QUERCUS, S.L.L.",BADAJOZ,Mérida,6800
EXT-815,22/07/2005,"HOSMANFRA, S.L.L.",BADAJOZ,Mérida,6800
EXT-1103,13/11/2013,"HOSTELMERIDA, S.L.L.",BADAJOZ,Mérida,6800
EXT-141,02/12/1998,"HOSTEMER 98, S.A.L.",BADAJOZ,Mérida,6800
EXT-884,08/08/2006,"IMAGINANTE CREATIVOS EXTREMADURA, S.L.L.",BADAJOZ,Mérida,6800
EXT-177,12/05/1999,"INDET REDES Y NETWORKING EUROPE, S.L.L.",BADAJOZ,Mérida,6800
EXT-620,26/03/2003,"INMOTRATO, S.L.L.",BADAJOZ,Mérida,6800
EXT-956,18/02/2008,"INSTALACIONES MOSAL, S.L.L.",BADAJOZ,Mérida,6800
EXT-679,13/11/2003,"J. NAHARRO CONSULTORES, S.L.L.",BADAJOZ,Mérida,6800
5790,20/03/1989,"JIMENEZ TABOADA Y CARMONA, S.A.L.",BADAJOZ,Mérida,6800
EXT-1183,20/12/2018,"LA FÁBRICA DE TUS SUEÑOS 2018, S.L.L.",BADAJOZ,Mérida,6800
EXT-1153,11/01/2017,"LAVA-IMPKBLE,S.L.L.",BADAJOZ,Mérida,6800
3676,25/03/1988,"LEJIAS EMERITA, S.A.L.",BADAJOZ,Mérida,6800
EXT-1158,05/05/2017,"LISERMER, S.L.L.",BADAJOZ,Mérida,6800
EXT-1180,06/11/2018,"LUSITANIA HOUSES, S.L.L.",BADAJOZ,Mérida,6800
6481,31/07/1989,"MADICAL, S.A.L.",BADAJOZ,Mérida,6800
5839,03/04/1989,"MAJERACHE, S.A.L.",BADAJOZ,Mérida,6800
EXT-488,07/03/2002,"MANZANO MULTIGESTION, S.L.L.",BADAJOZ,Mérida,6800
5667,28/02/1989,"MECANOEX, S.A.L.",BADAJOZ,Mérida,6800
EXT-363,26/02/2001,"MEGASOFT PROFESIONAL SYSTEMS, S.A.L.",BADAJOZ,Mérida,6800
EXT-597,07/01/2003,"MEGATECK HARDWARE, S.L.L.",BADAJOZ,Mérida,6800
7760,07/05/1992,"MERCAU, S.A.L.",BADAJOZ,Mérida,6800
EXT-1056,24/02/2012,"MÉRIDA CALEFACCIÓN FONTANERÍA, S.L.L.",BADAJOZ,Mérida,6800
6860,11/01/1990,"MERIDA GRAFICA, S.A.L.",BADAJOZ,Mérida,6800
7468,11/07/1991,"METODOS TOPOGRAFICOS, S.A.L.",BADAJOZ,Mérida,6800
EXT-1062,18/04/2012,"MOVILANDIA MERIDA 2011, S.L.L.",BADAJOZ,Mérida,6800
EXT-925,28/05/2007,"NAHARRO & ASOCIADOS ABOGADOS, S.L.L.",BADAJOZ,Mérida,6800
EXT-751,23/09/2004,"NATURACCIÓN-ALJUCÉN, S.L.L.",BADAJOZ,Mérida,6800
EXT-1124,09/09/2014,"NEORAMA OBRAS, S.L.L.",BADAJOZ,Mérida,6800
EXT-235,28/01/2000,"NEROLUZ, S.A.L",BADAJOZ,Mérida,6800
EXT-1028,10/09/2010,"NEUMÁTICOS GALDI, S.L.L.",BADAJOZ,Mérida,6800
EXT-1130,02/12/2014,"NOVEM TELECOM, S.L.L.",BADAJOZ,Mérida,6800
EXT-839,13/12/2005,"NURV COMUNICACIONES, S.L.L.",BADAJOZ,Mérida,6800
EXT111,23/04/1998,"OLEGARIO SANCHEZ Y RAFAEL GUTIERREZ, S.L.L.",BADAJOZ,Mérida,6800
EXT-0009,27/09/1995,"OVYPOR GANADERIAS INTENSIVAS, S.A.L.",BADAJOZ,Mérida,6800
EXT-773,14/12/2004,"PRODUCCIONES LAS SIETE SILLAS, S.L.L.",BADAJOZ,Mérida,6800
6492,01/08/1989,"PROFODE, S.A.L.",BADAJOZ,Mérida,6800
EXT-723,30/03/2004,"PROSERPINA CAMP, S.L.L.",BADAJOZ,Mérida,6800
EXT-429,19/07/2001,"PROYECTA ESTUDIO GRAFICO, S.A.L.",BADAJOZ,Mérida,6800
7372,12/04/1991,"PUBLIPLUS, S.A.L.",BADAJOZ,Mérida,6800
EXT-1211,02/06/2022,"PUERTEX MÉRIDA 2021, S.L.L.",BADAJOZ,Mérida,6800
EXT-599,24/01/2003,"REPARMOBA, S.L.L.",BADAJOZ,Mérida,6800
EXT-1045,28/07/2011,"RESTAURACIÓN ALAYRE, S.L.L.",BADAJOZ,Mérida,6800
EXT-828,28/10/2005,"RHES GABINETE, S. L.L.",BADAJOZ,Mérida,6800
EXT-822,12/09/2005,"RIEGOS EL ANCLA, S.L.L.",BADAJOZ,Mérida,6800
5707,07/03/1989,"RODYTRANS MERIDA, S.A.L.",BADAJOZ,Mérida,6800
EXT-1119,14/04/2014,"RONI Y LUIS, S.L.L.",BADAJOZ,Mérida,6800
EXT-1049,14/10/2011,"ROYGAR MERIDA ASESORES, S.L.L.",BADAJOZ,Mérida,6800
EXT-1033,25/11/2010,"RTE EL CANDI, S.L.L.",BADAJOZ,Mérida,6800
4761,28/09/1988,"SAFITECH, S.A.L.",BADAJOZ,Mérida,6800
EXT-1203,07/07/2020,"SALERONORDICO, S.L.L.",BADAJOZ,Mérida,6800
5838,03/04/1989,"SANROTE, S.A.L.",BADAJOZ,Mérida,6800
EXT-1112,04/03/2014,"SERVICIOS PROFESIONALES DE EXTREMADURA, S.L.L.",BADAJOZ,Mérida,6800
7456,26/06/1991,"SERVICIOS Y PROMOCIONES EXTREMEÑOS, S.A.L.",BADAJOZ,Mérida,6800
EXT-614,24/03/2003,"SERVIMÁTICA GARCÍA PIZARRO, S.L.L.",BADAJOZ,Mérida,6800
EXT-722,30/03/2004,"SÍMBOLO 3D, S.L.L.",BADAJOZ,Mérida,6800
3402,19/02/1988,"SOCIEDAD DISTRIBUIDORA DE TRANSPORTES EXTREMEÑOS, S.A.L.",BADAJOZ,Mérida,6800
EXT-1181,06/11/2018,"SOLUCIONES PROFESIONALES DURÁN&SÁNCHEZ, S.L.L.",BADAJOZ,Mérida,6800
EXT-0069,08/07/1997,"SUPERMERCADOS DE ALIMENTACIÓN, S.A.L.",BADAJOZ,Mérida,6800
4929,19/10/1988,"SUR-PROGRESIN, S.A.L.",BADAJOZ,Mérida,6800
EXT-1169,05/03/2018,"TALLERES ARAUJO HIDRAULICA MECANICA EN GENERAL, S.L.L.",BADAJOZ,Mérida,6800
6019,28/04/1989,"TH, S.A.L.",BADAJOZ,Mérida,6800
5972,20/04/1989,"VIDEO TRAVEL FILMS, S.A.L.",BADAJOZ,Mérida,6800
EXT-1070,21/08/2012,"WHO, WHAT, WHERE, WHEN, WHY COMUNICACION, S.L.L.",BADAJOZ,Mérida,6800
EXT-915,08/03/2007,"YESOS MÉRIDA, S.L.L.",BADAJOZ,Mérida,6800
5708,07/03/1989,"CONFITERIA PASTELERÍA ""NUESTRA SEÑORA DE TENTUDIA"", S.A.L.",BADAJOZ,Monesterio,6260
5860,03/04/1989,"MADERAS SOL, S.A.L.",BADAJOZ,Monesterio,6260
2143,20/08/1987,"BLAZQUEZ, S.A.L.",BADAJOZ,Monterrubio de la Serena,6427
2841,23/11/1987,"COMERCIAL DOMINGUEZ, S.A.L.",BADAJOZ,Monterrubio de la Serena,6427
EXT-218,15/11/1999,"GRUPO MONTERRUBIANO, S.L.L.",BADAJOZ,Monterrubio de la Serena,6427
EXT-923,17/05/2007,"HOTELES RAMOS MARIÑO, S.L.L.",BADAJOZ,Monterrubio de la Serena,6427
EXT-248,14/03/2000,"PANADERIA, BOLLERIA, ALIMENTACIÓN TAMAYO, S.A.L.",BADAJOZ,Monterrubio de la Serena,6427
EXT-236,04/02/2000,"CAFÉ BAR EL PROGRESO, S.A.L.",BADAJOZ,Montijo,6480
EXT-917,13/03/2007,"CIVILED INGENIERÍA 2007, S.L.L.",BADAJOZ,Montijo,6480
EXT-486,05/03/2002,"CONSTRUCCIONES ARGENTINA 4, S.L.L.",BADAJOZ,Montijo,6480
EXT-416,27/06/2001,"DISTRIBUCION DE PRODUCTOS ARTESANOS EXTREMEÑOS, S.L.L.",BADAJOZ,Montijo,6480
6594,20/09/1989,"FERRETERIA EXTREMADURA, S.A.L",BADAJOZ,Montijo,6480
7275,07/01/1991,"GALPER SERVICIOS INFORMATICOS, S.A.L.",BADAJOZ,Montijo,6480
8250,18/03/1993,"JAREMA, S.A.L.",BADAJOZ,Montijo,6480
EXT-795,12/04/2005,"JUEGOS DE SERPENTINA, S.L.L.",BADAJOZ,Montijo,6480
EXT-1121,15/05/2014,"NEUMÁTICOS MONTIJO, S.L.L.",BADAJOZ,Montijo,6480
EXT-355,13/02/2001,"PAISAJISMO Y JARDINES CARLOS ESCAVIAS DE CARVAJAL, S.L.L.",BADAJOZ,Montijo,6480
5890,07/04/1989,"PERDIZ ROJA DE BADAJOZ, S.A.L.",BADAJOZ,Montijo,6480
EXT-513,07/05/2002,"SUPERMERCADOS CADEL 2, S.L.L.",BADAJOZ,Montijo,6480
7500,21/08/1991,"TIKLAN, S.A.L.",BADAJOZ,Montijo,6480
EXT-830,02/11/2005,"VIÑUELAS-DÁVILA, S.L.L.",BADAJOZ,Montijo,6480
7906,19/08/1992,"ESTACION DE SERVICIOS PIEDRAS BLANCO, S.A.L.",BADAJOZ,Navalvillar de Pela,6730
7257,05/12/1990,"HOSTELERIA MORENO, S.A.L.",BADAJOZ,Navalvillar de Pela,6730
7965,05/10/1992,"INCADO, S.A.L.",BADAJOZ,Navalvillar de Pela,6730
EXT-565,23/09/2002,"RODRIGUEZ MENESES LABRADOR, S.L.L.",BADAJOZ,Novelda del Guadiana,6183
EXT-655,01/08/2003,"ARTEMADERA DELGADO, S.L.L.",BADAJOZ,Oliva de la Frontera,6120
EXT-876,24/05/2006,"BODEGAS ALAUDE, S.L.L.",BADAJOZ,Oliva de la Frontera,6120
EXT-1159,09/05/2017,"CABEX PAVIMENTOS, S.L.L.",BADAJOZ,Oliva de Mérida,6475
EXT-1210,25/03/2022,"FABER OLIVA, S.L.L.",BADAJOZ,Oliva de Mérida,6475
EXT-1125,19/09/2014,"EDUCAOLI, S.L.L.",BADAJOZ,Olivenza,6100
EXT-1043,26/05/2011,"EL FOGON DE OLIVENZA, S.L.L.",BADAJOZ,Olivenza,6100
6109,19/05/1989,"FONTELEX, S.A.L.",BADAJOZ,Olivenza,6100
9250,10/08/1994,"FRUTAS OLIVENZA, S.A.L.",BADAJOZ,Olivenza,6100
EXT-998,22/12/2009,"HECARA EXTREMADURA, S.L.L.",BADAJOZ,Olivenza,6100
EXT-910,09/02/2007,"REGOLAS Y TALADROS REINOS, S.L.L.",BADAJOZ,Olivenza,6100
EXT-939,14/11/2007,"SERVIGRAF EXTREMADURA, S.L.L.",BADAJOZ,Olivenza,6100
EXT-775,27/12/2004,"TALLERES CEDEÑO, S.L.L.",BADAJOZ,Olivenza,6100
2150,21/08/1987,"CASATEJADA, S.A.L.",BADAJOZ,Orellana la Vieja,6740
1731,15/06/1987,"CONSTRUCCIONES REMO, S.A.L.",BADAJOZ,Orellana la Vieja,6740
1609,28/05/1987,"MARTINEZ HOYA, S.A.L.",BADAJOZ,Orellana la Vieja,6740
EXT-964,25/04/2008,"TRANSPORTES Y EXCAVACIONES FERBRAEX, S.L.L.",BADAJOZ,Orellana la Vieja,6740
EXT-1021,09/09/2010,"RED DE SERVICIOS SOCIALES DE EXTREMADURA EN PALOMAS, S.L.L.",BADAJOZ,Palomas,6476
EXT-807,01/06/2005,"FLORENCIO GARCÍA REDONDO E HIJOS, S.L.L.",BADAJOZ,Puebla de Alcocer,6630
EXT-681,13/11/2003,"ALIMENTACIÓN BARRENA, S.L.L.",BADAJOZ,Puebla de la Calzada,6490
EXT-930,10/07/2007,"ANCEPABE, S.L.L.",BADAJOZ,Puebla de la Calzada,6490
5851,03/04/1989,"COMERCIAL LA PUEBLA, S.A.L.",BADAJOZ,Puebla de la Calzada,6490
EXT-694,26/01/2004,"COMPONENTES, DESARROLLO Y MANTENIMIENTOS INFORMÁTICOS, S.L.L.",BADAJOZ,Puebla de la Calzada,6490
EXT-873,03/05/2006,"FERIA BOCATA, S.L.L",BADAJOZ,Puebla de la Calzada,6490
EXT-0060,15/04/1997,"MERIDATRANS, S.A.L.",BADAJOZ,Puebla de la Calzada,6490
EXT-1092,08/07/2013,"MONTELEX PACENSES, S.L.L.",BADAJOZ,Puebla de la Calzada,6490
EXT-357,16/02/2001,"NUESTRA SEÑORA DE LA CONCEPCION, S.L.L.",BADAJOZ,Puebla de la Calzada,6490
EXT-1022,09/09/2010,"RED DE SERVICIOS SOCIALES DE EXTREMADURA EN PUEBLA DE LA REINA, S.L.L.",BADAJOZ,Puebla de la Reina,6477
EXT-810,03/06/2005,"ENVASADORA Y FRÍO PUEBLA SÁNCHO PÉREZ, S.L.L.",BADAJOZ,Puebla de Sancho Pérez,6310
EXT-1206,12/11/2021,"LABORATORIO DE INNOVACIÓN PEDAGÓGICA, S.L.L.",BADAJOZ,Puebla de Sancho Pérez,6310
EXT-553,12/07/2002,"PASACARGO, S.L.L.",BADAJOZ,Puebla de Sancho Pérez,6310
6823,15/12/1989,"PEDRO RUIZ Y HERMANOS, S.A.L.",BADAJOZ,Puebla de Sancho Pérez,6310
EXT-120,20/07/1998,"EUROPORCINO PERERA, S.A.L.",BADAJOZ,Puebla del Prior,6229
8864,28/02/1994,"AUTOCARES BENEGAS, S.A.L.",BADAJOZ,Pueblonuevo del Guadiana,6184
EXT-434,30/07/2001,"ALIMENTACION JUMA, S.L.L.",BADAJOZ,Quintana de la Serena,6450
6543,07/09/1989,"AUTOESCUELA ALTO, S.A.L.",BADAJOZ,Quintana de la Serena,6450
EXT-577,14/10/2002,"CENTIGRIS, S.L.L.",BADAJOZ,Quintana de la Serena,6450
EXT-1081,21/12/2012,"COMPLEJO LOPEZ GARCIA, S.L.L.",BADAJOZ,Quintana de la Serena,6450
EXT-799,25/04/2005,"CONSTRUCCIONES AMIGOS DEL SUROESTE, S.L.L.",BADAJOZ,Quintana de la Serena,6450
EXT-967,21/07/2008,"CONSTRUCCIONES FALCUGA, S.L.L.",BADAJOZ,Quintana de la Serena,6450
EXT-797,18/04/2005,"CONSTRUCCIONES HIDALMUR, S.L.L.",BADAJOZ,Quintana de la Serena,6450
EXT-1013,10/08/2010,"CONSTRUCCIONES LA ERA DE QUINTANA, S.L.L",BADAJOZ,Quintana de la Serena,6450
EXT-798,25/04/2005,"CONSTRUCCIONES QUINTACAMPA, S.L.L.",BADAJOZ,Quintana de la Serena,6450
EXT-747,26/07/2004,"GAITÁN Y DÍAZ, S.L.L.",BADAJOZ,Quintana de la Serena,6450
EXT-947,18/12/2007,"GRANITOS EXTREGRIS, S.L.L.",BADAJOZ,Quintana de la Serena,6450
EXT-1108,19/12/2013,"GRANITOS LA VIÑA, S.L.L.",BADAJOZ,Quintana de la Serena,6450
EXT-586,15/11/2002,"HOSTELERIA LA CARTA, S.L.L.",BADAJOZ,Quintana de la Serena,6450
EXT-948,18/12/2007,"MERISAN ELECTROMECÁNICA, S.L.L.",BADAJOZ,Quintana de la Serena,6450
7743,09/04/1992,"ROCOR ROCAS ORNAMENTALES, S.A.L.",BADAJOZ,Quintana de la Serena,6450
EXT-982,24/03/2009,"TALLERES PAREDES SOTO, S.L.L.",BADAJOZ,Quintana de la Serena,6450
7220,24/10/1990,"CONSTRUCCIONES SUR EXTREMEÑO, S.A.L",BADAJOZ,Ribera del Fresno,6225
1786,19/06/1987,"GONZAM, S.A.L.",BADAJOZ,Ribera del Fresno,6225
9241,04/08/1994,"MATERIALES DE CONSTRUCCIÓN Y DECORACIÓN HERMANOS JIMENEZ DÍAZ, S.A.L.",BADAJOZ,Ribera del Fresno,6225
EXT-0003,07/09/1995,"PANADERIA RIBERA, S.A.L.",BADAJOZ,Ribera del Fresno,6225
EXT-1110,23/01/2014,"HISPANO LUSA JARDIN, S.L.L.",BADAJOZ,Sagrajas,6181
EXT-1208,22/02/2022,"MONTAJES EXTREMADURA, S.L.L.",BADAJOZ,Salvaleón,6174
7325,22/02/1991,"CADENA DE ALIMENTOS NAVARRO, S.A.L.",BADAJOZ,San Vicente de Alcántara,6500
5695,03/03/1989,"HOTEL CRISTINA, S.A.L.",BADAJOZ,San Vicente de Alcántara,6500
6350,04/07/1989,"LABORAL DEL CORCHO, S.A.L.",BADAJOZ,San Vicente de Alcántara,6500
EXT-371,08/03/2001,"ZINCO INTERNET SOLUTIONS, S.L.L.",BADAJOZ,San Vicente de Alcántara,6500
EXT-781,03/02/2005,"ABELLANES RESIDENCIA DE MAYORES, S.L.L.",BADAJOZ,Sancti-Spíritus,6655
EXT-592,05/12/2002,"CASTRO PLANT, S.L.L.",BADAJOZ,Santa Amalia,6410
7670,20/02/1992,"SUCESORES DE MATIAS SANCHEZ, S.A.L.",BADAJOZ,Santa Amalia,6410
4477,18/07/1988,"AROICA, S.A.L.",BADAJOZ,Santa Marta de los Barros,6150
EXT-920,08/05/2007,"CHAPA DE BARRO, S.L.L.",BADAJOZ,Santa Marta de los Barros,6150
EXT-155,11/02/1999,"PANIFICADORA LA ERMITA, S.L.L.",BADAJOZ,Santa Marta de los Barros,6150
EXT-450,05/10/2001,"SEUMAX ASESORES, S.L.L.",BADAJOZ,Segura de León,6270
7347,20/03/1991,"ESTACION DE SERVICIOS GUIJARRO, S.A.L.",BADAJOZ,Siruela,6650
EXT-750,23/09/2004,"CONSTRUCCIONES FEJUMÁN, S.L.L.",BADAJOZ,Solana de los Barros,6196
EXT-744,01/07/2004,"CONSTRUCCIONES Y REFORMAS EXTREMEÑAS SOLBARROS, S.L.L.",BADAJOZ,Solana de los Barros,6196
7970,06/10/1992,"PEREZ RANGEL, S.A.L.",BADAJOZ,Solana de los Barros,6196
1716,11/06/1987,"AUTOCARES GODOY, S.A.L.",BADAJOZ,Talarrubias,6640
EXT-652,17/07/2003,"CABANILLAS RAYO, S.L.L.",BADAJOZ,Talarrubias,6640
EXT- 481,22/02/2002,"LAS HERAS DE TALARRUBIAS, S.L.L.",BADAJOZ,Talarrubias,6640
4172,30/05/1988,"ROMERO ALCALA, S.A.L.",BADAJOZ,Talarrubias,6640
EXT-650,14/07/2003,"TROYAN INVERSIONES, S.L.L.",BADAJOZ,Talarrubias,6640
EXT-288,27/07/2000,"AUTOCARES TALAVERUELA, S.A.L.",BADAJOZ,Talavera la Real,6140
7131,26/06/1990,"LUBRIEXTREMADURA, S.A.L.",BADAJOZ,Talavera la Real,6140
7273,07/01/1991,"SOLOLA, S.A.L.",BADAJOZ,Talavera la Real,6140
EXT-540,11/06/2002,"TALLERES Y RECAMBIOS MARIN, S.L.L.",BADAJOZ,Talavera la Real,6140
EXT-1025,09/09/2010,"RED DE SERVICIOS SOCIALES DE EXTREMADURA EN TAMUREJO, S.L.L.",BADAJOZ,Tamurejo,6658
3072,11/01/1988,"MATITOS, S.A.L.",BADAJOZ,Torre de Miguel Sesmero,6172
EXT-1174,16/07/2018,"TECOR HORMIGONES, S.L.L.",BADAJOZ,Torre de Miguel Sesmero,6172
7507,04/09/1991,"SEMILLEROS HORTICOLAS VEGAS BAJAS, S.A.L.",BADAJOZ,Torremayor,6880
EXT-268,15/05/2000,"BRAVACUSA, S.L.L.",BADAJOZ,Trujillanos,6892
EXT-1046,19/08/2011,"PLATERO SIERRA, S.L.L.",BADAJOZ,Usagre,6290
5461,26/01/1989,"TALLERES MECANICOS TREJO, S.A.L.",BADAJOZ,Valdebótoa,6194
5850,03/04/1989,"EL TEJAR DE VALDECABALLEROS, S.A.L.",BADAJOZ,Valdecaballeros,6689
EXT-977,20/10/2008,"CABALLO RODRÍGUEZ, S.L.L.",BADAJOZ,Valdehornillos,6410
EXT-976,10/09/2008,"CONSTRUCCIONES Y CONTRATAS NOGALES, S.L.L.",BADAJOZ,Valdelacalzada,6185
EXT-1186,25/02/2019,"ALRA ENERGIAS RENOVABLES, S.L.L.",BADAJOZ,Valle de Matamoros,6177
EXT-886,25/09/2006,"CONSTRUCCIONES Y REFORMAS GÓMEZ Y FONSECA, S.L.L.",BADAJOZ,Valle de Santa Ana,6178
EXT-1075,26/10/2012,"ALIMENTOS CONGELADOS EXTREMADURA, S.L.L.",BADAJOZ,Valuengo,6389
6786,05/12/1989,"PESVEREN, S.A.L.",BADAJOZ,Valverde de Burguillos,6378
5908,12/04/1989,"TALLERES HERMANOS VACA, S.A.L.",BADAJOZ,Valverde de Leganés,6130
EXT-1036,28/01/2011,"ATP COMUNICACIONES, S.L.L.",BADAJOZ,Valverde de Mérida,6890
EXT-1111,05/02/2014,"AUTOTALLERES GONMAR, S.L.L.",BADAJOZ,Villafranca de los Barros,6220
6453,25/07/1989,"BELTRAN CABALLERO, S.A.L.",BADAJOZ,Villafranca de los Barros,6220
EXT-971,06/08/2008,"CONSTRUCCIONES VILLA RIBERA, S.L.L.",BADAJOZ,Villafranca de los Barros,6220
EXT-0094,24/11/1997,"CRACK DISCO VILLAFRANCA DE LOS BARROS, S.L.L.",BADAJOZ,Villafranca de los Barros,6220
EXT-790,18/03/2005,"ELECTRICIDAD LAIRADO, S.L.L.",BADAJOZ,Villafranca de los Barros,6220
EXT-349,07/02/2001,"ESTRUCTURAS Y FERRALLAS EL PILAR, S.L.L.",BADAJOZ,Villafranca de los Barros,6220
6452,25/07/1989,"MARTIN-BLANCO, S.A.L.",BADAJOZ,Villafranca de los Barros,6220
7254,04/12/1990,"MERIN, S.A.L.",BADAJOZ,Villafranca de los Barros,6220
9269,06/09/1994,"MESON TIERRA DE BARROS, S.A.L.",BADAJOZ,Villafranca de los Barros,6220
7089,24/05/1990,"PANIFICADORA DE VILLAFRANCA DE LOS BARROS, S.A.L.",BADAJOZ,Villafranca de los Barros,6220
EXT-525,16/05/2002,"PROCESOS METÁLICOS, VINÍCOLAS Y OLEICOLAS DE VILLAFRANCA, S.L.L.",BADAJOZ,Villafranca de los Barros,6220
EXT-596,27/12/2002,"REPARACIONES Y MONTAJES EXBOAL, S.L.L.",BADAJOZ,Villafranca de los Barros,6220
EXT-1057,05/03/2012,"SOSTENIBILIDAD, INNOVACIÓN Y GESTIÓN AVANZADA, S.L.L.",BADAJOZ,Villafranca de los Barros,6220
EXT-170,15/04/1999,"SUPERMERCADOS EURECO, S.L.L.",BADAJOZ,Villafranca de los Barros,6220
EXT-1178,19/09/2018,"DISEÑO SPAZZI 2018, S.L.L.",BADAJOZ,Villafranco del Guadiana,6195
8992,15/04/1994,"HOSTELERIA DISAN, S.A.L.",BADAJOZ,Villafranco del Guadiana,6195
EXT-1095,19/08/2013,"IFEX REFRIGERACIÓN, S.L.L.",BADAJOZ,Villalba de los Barros,6208
EXT-0027,27/06/1996,"TRANSPORTES DE MERCANCIAS CAMODI, S.A.L.",BADAJOZ,Villalba de los Barros,6208
5987,24/04/1989,"ALMACENES TEXIHOGAR, S.A.L.",BADAJOZ,Villanueva de la Serena,6700
6064,12/05/1989,"CENTRO DE CALCULO CONTABLE, S.A.L.",BADAJOZ,Villanueva de la Serena,6700
EXT-1076,29/10/2012,"CISTERCEX, S.L.L.",BADAJOZ,Villanueva de la Serena,6700
EXT-423,05/07/2001,"COMERCIAL CHARCON 2001, S.L.L.",BADAJOZ,Villanueva de la Serena,6700
EXT-0007,27/09/1995,"DAZA MURILLO, S.A.L.",BADAJOZ,Villanueva de la Serena,6700
9590,05/05/1995,"DIVISAL DE LA SERENA, S.A.L.",BADAJOZ,Villanueva de la Serena,6700
1717,11/06/1987,"ESYCO, S.A.L.",BADAJOZ,Villanueva de la Serena,6700
6388,10/07/1989,"GONZALEZ MOLTO, S.A.L.",BADAJOZ,Villanueva de la Serena,6700
EXT-365,27/02/2001,"HERMANOS CUADRADO DÁVILA, S.L.L.",BADAJOZ,Villanueva de la Serena,6700
6683,23/10/1989,"HIJOS DE SAMUEL PEREZ RODAS, S.A.L.",BADAJOZ,Villanueva de la Serena,6700
EXT-0026,21/06/1996,"MUEBLES LA SERENA, S.A.L.",BADAJOZ,Villanueva de la Serena,6700
7774,20/05/1992,"PEMACAN, S.A.L.",BADAJOZ,Villanueva de la Serena,6700
EXT-0040,22/01/1997,"PRESTIMUEBLE VILLANUEVA, S.A.L.",BADAJOZ,Villanueva de la Serena,6700
EXT-426,18/07/2001,"SUPERMERCADOS JIMENEZ VARGAS, S.L.L.",BADAJOZ,Villanueva de la Serena,6700
EXT-0099,18/02/1998,"TALLERES SANCHEZ LOZANO, S.L.L.",BADAJOZ,Villanueva de la Serena,6700
EXT-378,23/03/2001,"TAPIA GUERRERO MENA, S.A.L.",BADAJOZ,Villanueva de la Serena,6700
EXT-913,28/02/2007,"TRANSPORTES DE CARGAS INTERNACIONALES DE VILLANUEVA, S.L.L.",BADAJOZ,Villanueva de la Serena,6700
EXT-0067,04/06/1997,"TRANSPORTES URGENTES DE PAQUETERIA LA SERENA, S.L.L.",BADAJOZ,Villanueva de la Serena,6700
EXT-1027,10/09/2010,"RED DE SERVICIOS SOCIALES DE EXTREMADURA EN VILLANUEVA DEL FRESNO, S.L.L.",BADAJOZ,Villanueva del Fresno,6110
EXT-601,30/01/2003,"SANTIBÁÑEZ PANIAGUA, S.L.L.",BADAJOZ,Villar del Rey,6192
6907,29/01/1990,"AGRUGA EL SOTO, S.A.L.",BADAJOZ,Zafra,6300
EXT-966,29/05/2008,"ALIMENTACIÓN Y BEBIDAS ZAFRA, S.L.L.",BADAJOZ,Zafra,6300
EXT-1201,24/03/2020,"BODIÓN INSTALACIONES Y MANTENIMIENTO, S.L.L.",BADAJOZ,Zafra,6300
EXT-0034,27/09/1996,"CERRAJERIA VIMON, S.A.L.",BADAJOZ,Zafra,6300
7407,17/05/1991,"CONFECCIONES VALVERDE BURGUILLOS, S.A.L.",BADAJOZ,Zafra,6300
EXT-658,18/09/2003,"ESTEBAN Y GALLEGO, S.L.L.",BADAJOZ,Zafra,6300
7719,25/03/1992,"HOSTAL LAS PALMERAS-ZAFRA, S.A.L.",BADAJOZ,Zafra,6300
EXT-269,15/05/2000,"MODELOS VALLE SARA, S.L.L.",BADAJOZ,Zafra,6300
7768,20/05/1992,"PAVIMEN, S.A.L.",BADAJOZ,Zafra,6300
9155,20/06/1994,"REPRESENTACIONES REYES E HIJOS, S.A.L.",BADAJOZ,Zafra,6300
EXT-113,04/05/1998,"SANCHO TORO EXTREMADURA, S.L.L.",BADAJOZ,Zafra,6300
EXT-730,11/05/2004,"TECNORRAIL TECNOLOGÍA EN MOVIMIENTO, S.L.L.",BADAJOZ,Zafra,6300
EXT-642,26/06/2003,"ALMACENES MATA Y GÓMEZ, S.L.L.",BADAJOZ,Zalamea de la Serena,6430
1730,15/06/1987,"CALVO PIZARRO, S.A.L.",BADAJOZ,Zalamea de la Serena,6430
1729,15/06/1987,"CONFECCIONES ILIPA, S.A.L.",BADAJOZ,Zalamea de la Serena,6430
EXT-624,23/04/2003,"CONSTRUCCIONES DÁVILA MASCOTA, S.L.L.",BADAJOZ,Zalamea de la Serena,6430
3030,18/12/1987,"REYTEL, S.A.L.",CÁCERES,Abadía,10748
8779,01/02/1994,"LALITA ALBERGUE RURAL Y GRANJA ESCUELA, S.A.L.",CÁCERES,Acebo,10857
EXT-457,30/10/2001,"CONSTRUCCIONES BLANCO PLATA, S.L.L.",CÁCERES,Ahigal,10650
EXT-1191,04/06/2019,"ARKETYPO CONSULTORA DE ARQUEOLOGÍA Y PATRIMONIO, S.L.L.",CÁCERES,Alagón del Río,10690
6460,25/07/1989,"CANCHAL E HIJOS, S.A.L.",CÁCERES,Alcántara,10980
3132,29/01/1988,"CONSTRUCTORA LUCANSE, S.A.L.",CÁCERES,Alcántara,10980
EXT-691,09/01/2004,"PALLERO CHAMORRO, S.L.L.",CÁCERES,Alcántara,10980
EXT-321,15/11/2000,"PULITRANS, COMPAÑÍA DE TRANSPORTES, S.L.L.",CÁCERES,Aldea del Cano,10163
EXT-271,25/05/2000,"SOL-BERNAL, S.L.L.",CÁCERES,Aldea del Cano,10163
EXT-255,03/04/2000,"INNOVACIONES CACEREÑAS, S.L.L.",CÁCERES,Aldeacentenera,10251
6224,08/06/1989,"PANIFICADORA LOS BEJAR, S.A.L.",CÁCERES,Aldeanueva de la Vera,10440
EXT-783,11/02/2005,"DISTRIBUCIONES DEL AMBROZ MARTÍN VALLEJO, S.L.L.",CÁCERES,Aldeanueva del Camino,10740
7518,10/09/1991,"FRIASAL, S.A.L.",CÁCERES,Aldeanueva del Camino,10740
EXT-330,08/01/2001,"MIRANDA VILLARES, S.L.L.",CÁCERES,Alía,10137
7487,23/07/1991,"CENTRO JM LEDESMA, S.A.L.",CÁCERES,Aliseda,10550
EXT-281,21/06/2000,"ALUMINIOS ALOMOHARÍN, S.L.L.",CÁCERES,Almoharín,10132
EXT-566,23/09/2002,"UROLEVI, S.L.L.",CÁCERES,Almoharín,10132
5672,01/03/1989,"CONSTRUCCIONES CIDEZ, S.A.L.",CÁCERES,Arroyo de la Luz,10900
6433,19/07/1989,"MUEBLES RUTA DE LA PLATA, S.A.L.",CÁCERES,Baños de Montemayor,10750
9114,30/05/1994,"TAHONA DE BARRADO, S.A.L.",CÁCERES,Barrado,10696
EXT-1014,01/09/2010,"RED DE SERVICIOS SOCIALES DE EXTREMADURA EN BOHONAL DE IBOR, S.L.L.",CÁCERES,Bohonal de Ibor,10320
6183,06/06/1989,"CARPINTERIA DIRASA, S.A.L.",CÁCERES,Brozas,10950
3519,10/03/1988,"CONSTRUCCIONES ACEMAR, S.A.L.",CÁCERES,Brozas,10950
6424,18/07/1989,"HERMANOS BAZAN, S.A.L.",CÁCERES,Brozas,10950
9402,14/12/1994,"FRUBOSQUE, S.A.L.",CÁCERES,Cabezuela del Valle,10610
EXT-1029,10/09/2010,"HOSTELERÍA Y ALIMENTACIÓN CABEZUELA, S.L.L.",CÁCERES,Cabezuela del Valle,10610
EXT-690,08/01/2004,"3ª V MONTADORES, S.L.L.",CÁCERES,Cáceres,10000
EXT-158,22/02/1999,"A.M.C. CALEFACCION CACERES, S.L.L.",CÁCERES,Cáceres,10000
EXT-403,24/05/2001,"ACEDO-LÓPEZ MANUALIDADES, S.L.L.",CÁCERES,Cáceres,10000
6225,09/06/1989,"ADAG, S.A.L.",CÁCERES,Cáceres,10000
EXT-503,25/07/2002,"AGROCERES SERVICIOS GANADEROS, S.L.L.",CÁCERES,Cáceres,10000
EXT-643,27/06/2003,"AISLAMIENTOS PROYECTADO E IMPERMEABILIZACIONES, S.L.L.",CÁCERES,Cáceres,10000
6519,09/08/1989,"ALMACENES CAÑAVERAL, S.A.L.",CÁCERES,Cáceres,10000
EXT-608,19/02/2003,"ALTAIR COMUNICACIONES E INTERNET, S.L.L.",CÁCERES,Cáceres,10000
EXT-623,16/04/2003,"ANDI-AERONAUTICA, S.L.L.",CÁCERES,Cáceres,10000
EXT-192,06/07/1999,"ANDRES CALEFACCION, S.L.L.",CÁCERES,Cáceres,10000
7187,03/09/1990,"ARTE NEON, S.A.L.",CÁCERES,Cáceres,10000
EXT-477,07/02/2002,"AUTOESCUELA MARCOS LLEVOT, S.L.L.",CÁCERES,Cáceres,10000
EXT-680,13/11/2003,"AUTOMÓVILES Y REPARACIONES MOMACAR, S.L.L.",CÁCERES,Cáceres,10000
EXT-584,14/11/2002,"AUTOS GUEVADI, S.L.L.",CÁCERES,Cáceres,10000
8924,18/03/1994,"BINGO CONQUISTADORES, S.A.L.",CÁCERES,Cáceres,10000
EXT-333,08/01/2001,"CABANILLAS RODRIGUEZ, S.L.L.",CÁCERES,Cáceres,10000
EXT-770,01/12/2004,"CANALONES CÁCERES, S.L.L.",CÁCERES,Cáceres,10000
EXT-715,17/03/2004,"CARTRANEX, S.L.L.",CÁCERES,Cáceres,10000
EXT-446,26/09/2001,"CENTRO ALERGOLOGICO MARALVIZ, S.L.L.",CÁCERES,Cáceres,10000
EXT-736,28/05/2004,"CERES CLIMA, S.L.L.",CÁCERES,Cáceres,10000
4583,08/08/1988,"COCAMOBEL, S.A.L.",CÁCERES,Cáceres,10000
6587,19/09/1989,"CONGELADOS CACERES, S.A.L.",CÁCERES,Cáceres,10000
EXT-818,15/09/2005,"COPROINTEX CC-720, S.L.L.",CÁCERES,Cáceres,10000
35,20/08/1986,"COVIBA, S.A.L.",CÁCERES,Cáceres,10000
EXT-159,22/02/1999,"DANJO´S MOBILIARIO, S.L.L.",CÁCERES,Cáceres,10000
EXT-589,22/11/2002,"DEBIRLI, S.L.L.",CÁCERES,Cáceres,10000
EXT-868,07/04/2006,"DISTRIBUCIONES ALFRESCO 2006, S.L.L.",CÁCERES,Cáceres,10000
EXT-602,04/02/2003,"DUQUE ALIMENTACIÓN, S.L.L.",CÁCERES,Cáceres,10000
EXT-183,28/05/1999,"ELECTRICIDAD EL RAYO CC, S.L.L.",CÁCERES,Cáceres,10000
5568,14/02/1989,"ELECTRO-AUTOMOCION CORREA, S.A.L.",CÁCERES,Cáceres,10000
3886,25/04/1988,"ELECTRO-CACERES, S.A.L.",CÁCERES,Cáceres,10000
EXT-0072,02/09/1997,"ELECTRO-MOVACAVE, S.L.L.",CÁCERES,Cáceres,10000
4541,03/08/1988,"ELECTRONICA SANCHEZ CASARES, S.A.L.",CÁCERES,Cáceres,10000
EXT-237,04/02/2000,"EVALEKU, S.A.L.",CÁCERES,Cáceres,10000
EXT-253,28/03/2000,"EXPOSICIÓN ARTESANA CACEREÑA DE MUEBLES, S.L.L.",CÁCERES,Cáceres,10000
EXT-1050,28/11/2011,"EXTRELEX ABOGADOS, S.L.L.P.",CÁCERES,Cáceres,10000
EXT-0023,17/05/1996,"FERRETERÍA LA ENCINA, S.A.L.",CÁCERES,Cáceres,10000
EXT-570,04/10/2002,"FYSAD XXI, S.L.L.",CÁCERES,Cáceres,10000
EXT-404,25/05/2001,"GESTION INMOBILIARIA MALUQUER, S.L.L.",CÁCERES,Cáceres,10000
EXT-621,09/04/2003,GIGAFORM S.L.L.,CÁCERES,Cáceres,10000
EXT-957,21/02/2008,"GRAFILABEL GIL-DURÁN-GARCÍA, S.L.L.",CÁCERES,Cáceres,10000
EXT-507,30/04/2002,"HARUAL FOTÓGRAFOS, S.L.L.",CÁCERES,Cáceres,10000
1821,25/06/1987,"HERMANOS AGUNDEZ, S.A.L.",CÁCERES,Cáceres,10000
EXT-437,05/09/2001,"HYDRA GESTION TECNICA INTEGRAL, S.L.L.",CÁCERES,Cáceres,10000
EXT-449,03/10/2001,"INDI CERES, S.A.L.",CÁCERES,Cáceres,10000
6184,06/06/1989,"INDISA DE CACERES, S.A.L.",CÁCERES,Cáceres,10000
EXT-619,26/03/2003,"INDUSTRIAS HOSTELERAS HERMANOS CARRASCO CORBACHO, S.L.L.",CÁCERES,Cáceres,10000
EXT-911,21/02/2007,"INFORMACIÓN, FORMACIÓN Y PROMOCIÓN DE EXTREMADURA, S.L.L.",CÁCERES,Cáceres,10000
3069,13/01/1988,"INFORMATICA CACEREÑA, S.A.L.",CÁCERES,Cáceres,10000
7142,09/07/1990,"INICIATIVAS TURISTICAS EXTREMEÑAS, S.A.L.",CÁCERES,Cáceres,10000
EXT-877,24/05/2006,"INMOBILIARIA CACEREÑA SAN JORGE, S.L.L.",CÁCERES,Cáceres,10000
EXT-373,19/03/2001,"INVERSIONES ALIMENTARIOS CACEREÑOS, S.L.L.",CÁCERES,Cáceres,10000
7123,20/06/1990,"INVERTAJO, S.A.L.",CÁCERES,Cáceres,10000
EXT-551,12/07/2002,"JAMONERIA NUEVO CACERES, S.L.L.",CÁCERES,Cáceres,10000
EXT-319,13/11/2000,"JIMENEZ MACIAS Y OTROS, S.L.L.",CÁCERES,Cáceres,10000
6536,06/09/1989,"JORDAN VALLE, S.A.L.",CÁCERES,Cáceres,10000
EXT-571,04/10/2002,"LA HARINA MÁGICA, S.L.L.",CÁCERES,Cáceres,10000
EXT-533,30/05/2002,"LUNINDALE, S.L.L.",CÁCERES,Cáceres,10000
EXT-134,15/10/1998,"MATERIALES Y PROMOCIONES EXTREMEÑOS 97, S.A.L.",CÁCERES,Cáceres,10000
EXT-136,20/10/1998,"MIRAT EXTREMEÑA DE SEGUROS, S.L.L.",CÁCERES,Cáceres,10000
6537,05/09/1989,"NORBA CAESARINA, S.A.L.",CÁCERES,Cáceres,10000
EXT-342,25/01/2001,"OCEXVER, S.L.L.",CÁCERES,Cáceres,10000
6742,15/11/1989,"OPTICA CABANILLA, S.A.L.",CÁCERES,Cáceres,10000
5366,13/01/1989,"PAMEXUR, S.A.L.",CÁCERES,Cáceres,10000
2939,03/12/1987,"PANCERES, S.A.L.",CÁCERES,Cáceres,10000
15,28/07/1986,"PINTORES CACEREÑOS, S.A.L.",CÁCERES,Cáceres,10000
2069,04/08/1987,"PINTORES EXTREMEÑOS, S.A.L.",CÁCERES,Cáceres,10000
4542,03/08/1988,"PIVALEX, S.A.L.",CÁCERES,Cáceres,10000
EXT-444,25/09/2001,"PRIFLOCACERES, S.L.L.",CÁCERES,Cáceres,10000
EXT-1168,28/02/2018,"REDANDCOM, S.L.L.",CÁCERES,Cáceres,10000
EXT-261,14/04/2000,"REPARACIÓN DE CALZADO TORREÑO, S.L.L.",CÁCERES,Cáceres,10000
EXT-0066,27/05/1997,"REPARACIONES EXTREMEÑAS COMIREX, S.L.L.",CÁCERES,Cáceres,10000
EXT-384,05/04/2001,"REPARACIONES Y CONSTRUCCIONES SÁNCHEZ ACEDO, S.L.L.",CÁCERES,Cáceres,10000
9316,13/10/1994,"RESTAURANTE MARISQUERIA LA PERLA DEL SUR, S.A.L.",CÁCERES,Cáceres,10000
5698,03/03/1989,"SERVICIO DE CONSERVACION Y ASISTENCIA, S.A.L.",CÁCERES,Cáceres,10000
EXT-840,14/12/2005,"SERVICIOS INTEGRALES DE FORMACIÓN Y DESARROLLO EXTREMEÑO, S.L.L.",CÁCERES,Cáceres,10000
EXT-246,10/03/2000,"SERVICIOS INTEGRALES TIERRAS LLANAS, S.L.L.",CÁCERES,Cáceres,10000
5712,07/03/1989,"SISTEMAS TECNOLOGICOS, S.A.L.",CÁCERES,Cáceres,10000
3253,29/01/1988,"SOALVI, S.A.L.",CÁCERES,Cáceres,10000
EXT-318,10/11/2000,"SORTILEGIO, S.L.L.",CÁCERES,Cáceres,10000
EXT-521,14/05/2002,"SOSA SOLÍS SERVICIOS INFORMÁTICOS, S.L.L.",CÁCERES,Cáceres,10000
EXT-301,09/10/2000,"SUCESORES DE FRANCISCO POLO, S.L.L.",CÁCERES,Cáceres,10000
6153,30/05/1989,"SUPERESPECIALIDADES AB, S.A.L.",CÁCERES,Cáceres,10000
EXT-849,21/02/2006,"TALLER SANTOS MENDOZA, S.L.L.",CÁCERES,Cáceres,10000
5906,12/04/1989,"TEATRO ESTABLE, S.A.L.",CÁCERES,Cáceres,10000
EXT-595,19/12/2002,"TRANSPORTES PROYECTOS ARIDOS SERCADEL, S.L.L.",CÁCERES,Cáceres,10000
EXT-316,08/11/2000,"TRUPESEVORA, S.L.L.",CÁCERES,Cáceres,10000
EXT-1094,31/07/2013,"VENTAS ELÉCTRICAS EXTREMEÑAS, S.L.L.",CÁCERES,Cáceres,10000
2345,24/09/1987,"VOLADURAS EXTREMEÑAS, S.A.L.",CÁCERES,Cáceres,10000
EXT-112,24/04/1998,"WWW. ANALISIS. COM 97, S.L.L.",CÁCERES,Cáceres,10000
EXT-762,28/10/2004,"XTREME INTERACTIVE SOLUTIONS, S.L.L.",CÁCERES,Cáceres,10000
7165,17/08/1990,"YESOS EXTREMEÑOS, S.A.L.",CÁCERES,Cáceres,10000
EXT-405,30/05/2001,"ZAPOLCAN, S.L.L.",CÁCERES,Cáceres,10000
6020,28/04/1989,"JAMONES Y EMBUTIDOS MORISQUEÑOS, S.A.L.",CÁCERES,Caminomorisco,10620
EXT-323,20/11/2000,"CARPINTERIA METALICA PEÑA GUTIERREZ, S.L.L.",CÁCERES,Campo Lugar,10134
6932,06/02/1990,"RETAMAR DE CAMPO LUGAR, S.A.L.",CÁCERES,Campo Lugar,10134
5846,03/04/1989,"CUNICULTURA DE CAÑAMERO, S.A.L.",CÁCERES,Cañamero,10136
3814,15/04/1988,"DONATELLI, S.A.L.",CÁCERES,Cañamero,10136
EXT-1197,02/12/2019,"IAG & MEFF STRATEGY, S.L.L.",CÁCERES,Cañamero,10136
3815,15/04/1988,"JAMBOSA, S.A.L.",CÁCERES,Cañamero,10136
4365,30/06/1988,"PACUNIL, S.A.L.",CÁCERES,Cañamero,10136
EXT-209,04/10/1999,"COMERCIAL SAME CACEREÑA, S.L.L.",CÁCERES,Casar de Cáceres,10190
EXT-453,24/10/2001,"CONSTRUCCIONES CORCHERO, BARRERA Y GONZÁLEZ, S.L.L",CÁCERES,Casar de Cáceres,10190
EXT-1150,27/07/2016,"CONSTRUCCIONES HERMANOS CERRO MUÑOZ, S.L.L.",CÁCERES,Casar de Cáceres,10190
EXT-214,18/10/1999,"LORENZO CORDOBES E HIJOS, S.L.L.",CÁCERES,Casar de Cáceres,10190
EXT-676,10/11/2003,"TALLERES VAQUERO RACING, S.L.L.",CÁCERES,Casar de Cáceres,10190
EXT-252,28/03/2000,"GENERAL DE PREFABRICADOS ESTRUCTURALES Y OBRAS, S.A.L",CÁCERES,Casas de Millán,10592
EXT-1044,06/07/2011,"SERVICIOS A LA DEPENDENCIA CASAS DE MIRAVETE, S.L.L.",CÁCERES,Casas de Miravete,10360
6311,23/06/1989,"CONSTRUCCIONES JOSE GRANADO, S.A.L.",CÁCERES,Casas del Monte,10730
6164,01/06/1989,"JOPEMASA, S.A.L.",CÁCERES,Casatejada,10520
EXT-295,22/09/2000,"PUROS ARTESANOS CASATEJADA, S.L.L.",CÁCERES,Casatejada,10520
5413,18/01/1989,"AUTOCARES GARMA, S.A.L.",CÁCERES,Coria,10800
EXT-0024,20/05/1996,"CASA CAMPANA DE CORIA, S.A.L.",CÁCERES,Coria,10800
EXT-546,03/07/2002,"DULCES COLO, S.L.L.",CÁCERES,Coria,10800
6333,29/06/1989,"EXPORTGAL, S.A.L.",CÁCERES,Coria,10800
EXT-701,03/02/2004,"LUIS BRAVO PABLO, S.L.L.",CÁCERES,Coria,10800
8297,15/04/1993,"MUFERCO, S.A.L.",CÁCERES,Coria,10800
579,22/01/1987,"SANCHEZ PANIAGUA, S.A.L.",CÁCERES,Coria,10800
6039,08/05/1989,"CONSTRUCCIONES CUACOS, S.A.L.",CÁCERES,Cuacos de Yuste,10430
EXT-225,14/12/1999,"INSTALACIONES ELÉCTRICAS PEREZ MUÑOZ, S.L.L.",CÁCERES,Cuacos de Yuste,10430
EXT-838,13/12/2005,"LA SOLEDAD DE CUACOS, S.L.L.",CÁCERES,Cuacos de Yuste,10430
EXT-1031,14/09/2010,"REDE DE SERVICIOS SOCIALES DE EXTREMADURA EN HOLGUERA, S.L.L.",CÁCERES,El Batán,10692
EXT-304,13/10/2000,"HOSTAL EL GASCO, S.L.L.",CÁCERES,El Gasco,10627
EXT-814,21/07/2005,"CERRAJERIA Y ALUMINIO ELJAS, S.L.L.",CÁCERES,Eljas,10891
EXT-343,26/01/2001,"CARPINTERÍA METÁLICA SALVA, S.L.L.",CÁCERES,Escurial,10133
EXT-792,04/04/2005,"ENVYSOL, S.L.L.",CÁCERES,Garrovillas de Alconétar,10940
9157,20/06/1994,"AVIGATA, S.A.L.",CÁCERES,Gata,10849
EXT-401,23/05/2001,"CUCHILLERIA FLORES DON BENITO, S.L.L.",CÁCERES,Herguijuela,10230
EXT-1209,16/03/2022,"SAVE THE CAST, S.L.L.",CÁCERES,Herreruela,10560
5459,25/01/1989,"CENTRO DE ESTUDIOS ROBLEDO, S.A.L.",CÁCERES,Hervás,10700
EXT-865,04/04/2006,"CONSTRUCCIONES Y REFORMAS NORTE DE EXTREMADURA, S.L.L.",CÁCERES,Hervás,10700
EXT-0063,24/04/1997,"FABRICA DE MUEBLES DE ENCARGO LA CUESTA, S.A.L.",CÁCERES,Hervás,10700
8535,25/08/1993,"HOLCABA, S.A.L.",CÁCERES,Holguera,10824
EXT-369,05/03/2001,"CEREALES Y PIENSOS IBAHERNANDO, S.L.L.",CÁCERES,Ibahernando,10280
EXT-223,03/12/1999,"ANIMACION COMUNITARIA, S.L.L.",CÁCERES,Jaraíz de la Vera,10400
5873,05/04/1989,"BIOVERA, S.A.L.",CÁCERES,Jaraíz de la Vera,10400
EXT-842,16/12/2005,"CONSTRUCCIONES CAÑADA-FERNÁNDEZ, S.L.L.",CÁCERES,Jaraíz de la Vera,10400
EXT-897,10/11/2006,"CONSTRUCCIONES IGLESIAS PAZ, S.L.L.",CÁCERES,Jaraíz de la Vera,10400
EXT-427,19/07/2001,"CONSTRUCCIONES MANGUAFE, S.L.L.",CÁCERES,Jaraíz de la Vera,10400
6568,18/09/1989,"ESPIVERA, S.A.L.",CÁCERES,Jaraíz de la Vera,10400
EXT-791,18/03/2005,"GALÓN JOYEROS, S.L.L.",CÁCERES,Jaraíz de la Vera,10400
4377,01/07/1988,"JARIZA, S.A.L.",CÁCERES,Jaraíz de la Vera,10400
EXT-222,03/12/1999,"TERMOVERA, S.L.L.",CÁCERES,Jaraíz de la Vera,10400
7353,25/03/1991,"HOTEL JARILLA, S.A.L.",CÁCERES,Jarilla,10728
EXT-932,10/08/2007,"ANLIAN 5, S.L.L.",CÁCERES,La Garganta,10759
EXT-0061,21/04/1997,"EXSAFRAN, S.A.L.",CÁCERES,La Pesga,10649
EXT-346,01/02/2001,"A. P. CIMATRANS SERVICIOS, S.L.L.",CÁCERES,Logrosán,10120
5975,20/04/1989,"EXPLOTACIONES FORESTALES DE LOGROSAN, S.A.L.",CÁCERES,Logrosán,10120
6603,20/09/1989,"FABIAN SAAVEDRA E HIJOS, S.A.L.",CÁCERES,Logrosán,10120
EXT-105,26/03/1998,"GEO INGENIEROS, S.L.L.",CÁCERES,Logrosán,10120
5414,18/01/1989,"RAMESSE, S.A.L.",CÁCERES,Logrosán,10120
4592,10/08/1988,"SAAVECA, S.A.L.",CÁCERES,Logrosán,10120
EXT-428,19/07/2001,"AUTOSERVICIO LOSAR, S.L.L.",CÁCERES,Losar de la Vera,10110
6287,20/06/1989,"FUNERARIA SAN ISIDRO, S.A.L.",CÁCERES,Losar de la Vera,10110
6286,20/06/1989,"SANPE DE LOSAR, S.A.L.",CÁCERES,Losar de la Vera,10110
EXT-1011,13/07/2010,"VERA MARKET, S.L.L.",CÁCERES,Losar de la Vera,10110
EXT-205,21/09/1999,"RESTAURANTE SALONES LA ERMITA, S.A.L.",CÁCERES,Madrigal de la Vera,10480
4409,07/07/1988,"TEXTIL LA JOYA, S.A.L.",CÁCERES,Madrigal de la Vera,10480
EXT-460,16/11/2001,"LUANBE AUTOSERVICIO, S.L.L.",CÁCERES,Madrigalejo,10110
EXT-108,06/04/1998,"AVIGAR HERMANOS AVILA GARCIA, S.L.L.",CÁCERES,Madroñera,10210
4218,10/06/1988,"PRODUCTOS LEHER, S.A.L.",CÁCERES,Malpartida de Cáceres,10190
EXT-990,31/07/2009,"PROMOCIONES MEDIOS Y VENTAS, S.L.L.",CÁCERES,Malpartida de Cáceres,10190
EXT-380,27/03/2001,"SUPERMERCADO ALMIREZ, S.L.L.",CÁCERES,Malpartida de Cáceres,10190
EXT-376,21/03/2001,"VIMTECAB, S.L.L.",CÁCERES,Malpartida de Cáceres,10190
EXT-705,18/02/2004,"GRUAS DEL NORTE Y SERVICIOS AUXILIARES, S.A.L.",CÁCERES,Malpartida de Plasencia,10590
6550,07/09/1989,"HIJOS DE JUSTO MORENO, S.A.L.",CÁCERES,Malpartida de Plasencia,10590
9566,19/04/1995,"MEMBRICOR, S.A.L.",CÁCERES,Membrío,10580
5907,12/04/1989,"HIPER PRENSA, S.A.L.",CÁCERES,Miajadas,10100
6783,04/12/1989,"INDUSTRIAS CARNICAS HIMAS, S.A.L.",CÁCERES,Miajadas,10100
5847,03/04/1989,"IRIS SOL, S.A.L.",CÁCERES,Miajadas,10100
EXT-489,22/03/2002,"TRATANTE DE GANADO EL FIGURA, S.L.L.",CÁCERES,Miajadas,10100
EXT-1177,29/08/2018,"CABEZA LA CAMA, S.L.L.",CÁCERES,Mohedas de Granadilla,10664
6052,09/05/1989,"AUTOBUSES GALAN SENSO, S.A.L.",CÁCERES,Montánchez,10170
7374,16/04/1991,"CARPINTERIA PEREZ DE MONTEHERMOSO, S.A.L.",CÁCERES,Montehermoso,10810
EXT-133,06/10/1998,"CENTRO VETERINARIO EL ALAGON, S.L.L.",CÁCERES,Montehermoso,10810
EXT-162,04/03/1999,"CLEMEM SYSTEM, S.L.L.",CÁCERES,Montehermoso,10810
7728,26/03/1992,"GILPANIA MOTOR, S.A.L.",CÁCERES,Montehermoso,10810
EXT-516,09/05/2002,"GOMPEGIL, S.L.L.",CÁCERES,Montehermoso,10810
EXT-474,10/01/2002,"MARINEX MONTEHERMOSO, S.L.L.",CÁCERES,Montehermoso,10810
EXT-657,16/09/2003,"SUPERMERCADO DOMÍNGUEZ RIVAS, S.L.L.",CÁCERES,Montehermoso,10810
7213,09/10/1990,"HIJOS DE ROMAN GARCIA, S.A.L.",CÁCERES,Moraleja,10840
EXT-215,18/10/1999,"HOSTELERIA REYPAL, S.A.L.",CÁCERES,Moraleja,10840
5990,25/04/1989,"IMPRENTA PLASENCIA JUAN, S.A.L.",CÁCERES,Moraleja,10840
1042,12/03/1987,"MATERIALES DE CONSTRUCCIÓN SIERRA DE GATA, S.A.L.",CÁCERES,Moraleja,10840
9226,29/07/1994,"RESIDENCIA LA MORALEJA, S.A.L.",CÁCERES,Moraleja,10840
EXT-812,20/06/2005,"TALLERES DE CHAPA Y PINTURA CARLOS Y ALFONSO, S.L.L.",CÁCERES,Moraleja,10840
1844,25/06/1987,"TAPONES EXTREMEÑOS, S.A.L.",CÁCERES,Moraleja,10840
EXT-0013,18/12/1995,"VEMECREX, S.A.L.",CÁCERES,Moraleja,10840
8232,10/03/1993,"VIVERO Y ACTUACIONES FORESTALES AGATISILVA, S.A.L.",CÁCERES,Moraleja,10840
EXT-1089,21/05/2013,"CENTRO DE NEGOCIOS Y EMPLEO, S.L.L.",CÁCERES,Morcillo,10811
8502,29/07/1993,"PEÑASCO ALMEIDA E HIJOS, S.A.L.",CÁCERES,Morcillo,10811
5368,13/01/1989,"MADERAS Y ENVASES LOPEZ, S.A.L.",CÁCERES,Navaconcejo,10613
EXT-260,10/04/2000,"AGUSTIN Y ALICIA, S.L.L.",CÁCERES,Navalmoral de la Mata,10300
EXT-172,26/04/1999,"AUTOS DUCHELAN, S.L.L.",CÁCERES,Navalmoral de la Mata,10300
3130,21/01/1988,"CONSTRUCCIONES COMOTTA, S.A.L.",CÁCERES,Navalmoral de la Mata,10300
5309,04/01/1989,"ESCAYOLAS ARAÑUELO, S.A.L.",CÁCERES,Navalmoral de la Mata,10300
5308,04/01/1989,"ESTUDIOS INGENIERIA MORALA, S.A.L.",CÁCERES,Navalmoral de la Mata,10300
9473,15/02/1995,"EXTREMEÑA DE RIEGOS Y PISCINAS, S.A.L.",CÁCERES,Navalmoral de la Mata,10300
2344,23/09/1987,"HERMANOS REUNIDOS, S.A.L.",CÁCERES,Navalmoral de la Mata,10300
3041,18/12/1987,"LAVANDERIA ARAÑUELO, S.A.L.",CÁCERES,Navalmoral de la Mata,10300
EXT-390,25/04/2001,"LIMPIEZAS NAVALMORAL, S.L.L.",CÁCERES,Navalmoral de la Mata,10300
7490,16/08/1991,"MAQUINA-HERRAMIENTA EXTREMEÑA, S.A.L.",CÁCERES,Navalmoral de la Mata,10300
EXT-579,21/10/2002,"PARQUE INFANTIL PARK CHIS, S.L.L.",CÁCERES,Navalmoral de la Mata,10300
EXT-244,03/03/2000,"PRENSA Y COMUNICACIÓN EXTREMEÑA, S.L.L.",CÁCERES,Navalmoral de la Mata,10300
2510,21/10/1987,"TEXTILES RADAR, S.A.L.",CÁCERES,Navalmoral de la Mata,10300
4002,09/05/1988,"CONSTRUCCIONES PASARON, S.A.L.",CÁCERES,Pasarón de la Vera,10411
7409,20/05/1991,"AGROPECUARIA ZAMORA´D, S.A.L.",CÁCERES,Peraleda de la Mata,10335
EXT-165,22/03/1999,"CULTIVOS PERALEDA, S.L.L.",CÁCERES,Peraleda de la Mata,10335
EXT-305,16/10/2000,"CONSTRUCCIONES ALDA DE PINOFRANQUEADO, S.L.L.",CÁCERES,Pinofranqueado,10630
EXT-1188,08/04/2019,"GR2 SERVICIOS DEPORTIVOS Y FORMACIÓN, S.L.L.",CÁCERES,Piornal,10615
EXT-1204,29/04/2021,"HECHONATURAL OBRADOR ECOLÓGICO, S.L.L.",CÁCERES,Piornal,10615
4602,10/08/1988,"TALLERES GASPAR PINO, S.A.L.",CÁCERES,Pizarro,10134
8876,28/02/1994,"ABELMAR FRESQUI-FRESQUI, S.A.L.",CÁCERES,Plasencia,10600
EXT-0053,20/03/1997,"ALMACENES LA OCASIÓN, S.A.L.",CÁCERES,Plasencia,10600
EXT-0041,22/01/1997,"AUTOMOCIÓN JARILLO, S.A.L.",CÁCERES,Plasencia,10600
EXT-888,25/09/2006,"CAFÉ BAR LA SERRANA, S.L.L",CÁCERES,Plasencia,10600
EXT-683,02/12/2003,"CALDERERÍA Y MONTAJE DE OBRAS HIDRAÚLICAS, S.A.L.",CÁCERES,Plasencia,10600
8939,23/03/1994,"CALERO Y GRANDE, S.A.L.",CÁCERES,Plasencia,10600
1044,12/03/1987,"CAPARCO, S.A.L.",CÁCERES,Plasencia,10600
EXT-749,20/09/2004,"CLIMACOCINA, S.L.L.",CÁCERES,Plasencia,10600
3778,11/04/1988,"COMERCIAL PLACENTINA, S.A.L.",CÁCERES,Plasencia,10600
6374,06/07/1989,"CONFECCIONES TEXTILES PLACENTINAS, S.A.L.",CÁCERES,Plasencia,10600
2073,06/08/1987,"CONSTRUCCIONES CONEJERO SERRA, S.A.L.",CÁCERES,Plasencia,10600
2470,14/10/1987,"CRISTALERIA EL VALLE, S.A.L.",CÁCERES,Plasencia,10600
6626,27/09/1989,"DISTRIBUCIONES DEL JERTE, S.A.L.",CÁCERES,Plasencia,10600
EXT-332,08/01/2001,"DISTRIBUCIONES GARGÜERA, S.L.L.",CÁCERES,Plasencia,10600
EXT-778,29/04/2011,"EL QUIJOTE PLASENCIA, S.L.L.",CÁCERES,Plasencia,10600
EXT-757,15/10/2004,"ESTRUCTURAS DE HORMIGÓN BERPAVI, S.L.L.",CÁCERES,Plasencia,10600
EXT-539,10/06/2002,"EUROEXTREMEÑA DE MONTAJES INDUSTRIALES, S.L.L.",CÁCERES,Plasencia,10600
9533,27/03/1995,"EXAGA TECNICA, S.A.L.",CÁCERES,Plasencia,10600
EXT-335,08/01/2001,"EXCAVACIONES JUANINI, S.L.L.",CÁCERES,Plasencia,10600
3683,28/03/1988,"EXCAVACIONES Y DESMONTES PLACENTINOS, S.A.L.",CÁCERES,Plasencia,10600
EXT-850,21/02/2006,"FYMMEX METAL, S.L.L.",CÁCERES,Plasencia,10600
6741,15/11/1989,"GRAVERA EL VALLE, S.A.L.",CÁCERES,Plasencia,10600
8105,12/01/1993,"GREPEFAL, S.A.L.",CÁCERES,Plasencia,10600
EXT-166,07/04/1999,"GRUAS CIPRIANO Y SANTIAGO, S.L.L.",CÁCERES,Plasencia,10600
EXT-210,05/10/1999,"GRUPO ALBA I.N.T., S.L.L.",CÁCERES,Plasencia,10600
EXT-558,01/08/2002,"HERTICOMAR, S.A.L.",CÁCERES,Plasencia,10600
EXT-206,28/09/1999,"IMPRENTA SAPAR, S.L.L.",CÁCERES,Plasencia,10600
1219,02/04/1987,"INSTALACIONES ELECTRICAS MAR, S.A.L.",CÁCERES,Plasencia,10600
6152,30/05/1989,"JOACA, S.A.L.",CÁCERES,Plasencia,10600
7915,18/08/1992,"JUAN MANUEL Y SANTA BARBERO HERMANOS, S.A.L.",CÁCERES,Plasencia,10600
EXT-1151,30/08/2016,"KREA TU SPAZIO PICO REGENERACIÓN, S.L.L.",CÁCERES,Plasencia,10600
EXT-687,05/12/2003,"LUQUE DENTAL, S.L.L.",CÁCERES,Plasencia,10600
EXT-928,26/06/2007,"MACHE PUBLICIDAD, S.L.L.",CÁCERES,Plasencia,10600
5155,29/11/1988,"MARTIN ANDRADE, S.A.L.",CÁCERES,Plasencia,10600
8195,24/02/1993,"MONTAJES DEL HOGAR, S.A.L.",CÁCERES,Plasencia,10600
EXT-309,25/10/2000,"MONTAJES ELECTRICOS NORTE DE CACERES, S.L.L.",CÁCERES,Plasencia,10600
2310,16/09/1987,"MOTOPLA, S.A.L.",CÁCERES,Plasencia,10600
EXT-250,16/03/2000,"MUEBLES GARLOPA, S.A.L.",CÁCERES,Plasencia,10600
EXT-0047,04/02/1997,"NORFEX EXTREMEÑA DE FERRETERÍA, S.A.L.",CÁCERES,Plasencia,10600
EXT-199,01/09/1999,"OFICASA GESTION INMOBILIARIA, S.L.L.",CÁCERES,Plasencia,10600
EXT-712,26/02/2004,"OFINSA EXTREMEÑA DE GESTIÓN, S.L.L.",CÁCERES,Plasencia,10600
EXT-130,23/09/1998,"PASTAMANIA, S.L.L.",CÁCERES,Plasencia,10600
6549,07/09/1989,"PLACENTINA DEL MUEBLE, S.A.L.",CÁCERES,Plasencia,10600
EXT-0042,22/01/1997,"PLADIESEL, S.A.L.",CÁCERES,Plasencia,10600
EXT-307,23/10/2000,"PREVISIÓN, GESTIÓN Y CONTROL, S.L.L.",CÁCERES,Plasencia,10600
EXT-436,31/07/2001,"PROAM CONSULTORES, S.L.L.",CÁCERES,Plasencia,10600
EXT-292,11/09/2000,"PRODUCCIONES MATRIX VIDEO, S.L.L.",CÁCERES,Plasencia,10600
EXT-314,06/11/2000,"QUALISYS SOLUCIONES TÉCNICAS DE LA INFORMACIÓN, S.L.L",CÁCERES,Plasencia,10600
8778,01/02/1994,"RODILLA ELIZO HERMANOS, S.A.L.",CÁCERES,Plasencia,10600
EXT-391,02/05/2001,"ROTULOS PLASENCIA, S.L.L.",CÁCERES,Plasencia,10600
EXT-645,27/06/2003,"SERTRAGUA, S.L.L.",CÁCERES,Plasencia,10600
5817,28/03/1989,"SERYBRAS, S.A.L.",CÁCERES,Plasencia,10600
4255,16/06/1988,"SOTERA, S.A.L.",CÁCERES,Plasencia,10600
EXT-368,02/03/2001,"SUPERMERCADOS VICENTE Y MATA, S.L.L.",CÁCERES,Plasencia,10600
EXT-0058,11/04/1997,"TALLERES ALEJO PEREZ Y SANCHEZ, S.A.L.",CÁCERES,Plasencia,10600
5179,05/12/1988,"TALLERES HERMANOS NIETO, S.A.L.",CÁCERES,Plasencia,10600
EXT-424,17/07/2001,"TECNICA Y MONTAJE DEL METAL, S.L.L.",CÁCERES,Plasencia,10600
EXT-703,09/02/2004,"TRANSFORMADOS METALÚRGICOS EXTREMEÑOS, S.L.L.",CÁCERES,Plasencia,10600
1043,12/03/1987,"TRANSPORTES MARTÍN REIXACH, SOCIEDAD ANÓNIMA LABORAL",CÁCERES,Plasencia,10600
2232,02/09/1987,"ZOOEX, S.A.L.",CÁCERES,Plasencia,10600
EXT-573,08/10/2002,"CONSTRUCCIONES MAYFRA DM, S.L.L.",CÁCERES,Riolobos,10693
5367,13/01/1989,"HOSTELERIA RIOLOBEÑA, S.A.L.",CÁCERES,Riolobos,10693
9520,16/03/1995,"JIMENGAR, S.A.L.",CÁCERES,Riolobos,10693
8141,22/01/1993,"CENTRO CARNICO ROSALEJO, S.A.L.",CÁCERES,Rosalejo,10391
EXT-1146,11/03/2016,"COTA CINCO OBRAS Y CONTRATAS, S.L.L.",CÁCERES,Rosalejo,10391
EXT-145,18/12/1998,"ADMINISTRACION, INFORMATICA Y FORMACION CACERES, S.A.L.",CÁCERES,Ruanes,10189
EXT-354,13/02/2001,"FECOMETAL DE RUANES, S.L.L.",CÁCERES,Ruanes,10189
EXT-300,09/10/2000,"REBARAECO, S.L.L.",CÁCERES,Ruanes,10189
EXT-727,03/05/2004,"CORECAR, 1998 S.L.L.",CÁCERES,Santa Cruz de la Sierra,10260
EXT-861,30/03/2006,"CONFECCIONES TALAYUELA, S.L.L.",CÁCERES,Talayuela,10310
EXT-220,25/11/1999,"CONSTRUCCIONES TANGO Y DIABLO,S.L.L.",CÁCERES,Talayuela,10310
EXT-981,28/11/2008,"GRUPO RURAL DE AYUDA ASISTIDA, S.L.L.",CÁCERES,Torre de Don Miguel,10864
EXT-325,29/11/2000,"TAPIZADOS RODRÍGUEZ, S.L.L.",CÁCERES,Torre de Santa María,10186
3467,01/03/1988,"LOS TORRECILLANOS, S.A.L.",CÁCERES,Torrecillas de la Tiesa,10252
EXT-412,26/06/2001,"CORDÓN SALVATIERRA, S.L.L.",CÁCERES,Torrejoncillo,10830
EXT-572,08/10/2002,"CARPINTERIA METALICA ALCAPA, ALUMINIO CABALLERO PALOMINO, S.L.L",CÁCERES,Torreorgaz,10182
2742,13/11/1987,"ASESORAMIENTO TECNICO DE INVERSIONES, S.A.L.",CÁCERES,Trujillo,10200
2023,23/07/1987,"AUTOMOVILES TRUJILLO, S.A.L.",CÁCERES,Trujillo,10200
1159,26/03/1987,"CARPINTERIA VIRGEN DE LA VICTORIA, S.A.L.",CÁCERES,Trujillo,10200
3485,07/03/1988,"CONSTRUCCIONES ALVARADO, S.A.L.",CÁCERES,Trujillo,10200
EXT-1196,19/11/2019,"ENGLISH WITH ASHLEY, S.L.L.",CÁCERES,Trujillo,10200
9285,14/09/1994,"INMBER-4, S.A.L.",CÁCERES,Trujillo,10200
EXT-467,17/12/2001,"INMOBILIARIA Y DELINEACIÓN EXTREMEÑA, S.L.L.",CÁCERES,Trujillo,10200
5034,08/11/1988,"INSTALADORA EXTREMEÑA DE CONTROL Y COMUNICACIONES, S.A.L",CÁCERES,Trujillo,10200
EXT-1199,22/01/2020,"JEREMYTEC, S.L.L.",CÁCERES,Trujillo,10200
EXT-409,22/06/2001,"LA PERGOLA CASA RURAL, S.L.L.",CÁCERES,Trujillo,10200
EXT-1122,16/07/2014,"LARS FUSIÓN, S.L.L.",CÁCERES,Trujillo,10200
6362,05/07/1989,"MESON RESTAURANTE EL LIENZO, S.A.L.",CÁCERES,Trujillo,10200
EXT-1195,15/10/2019,"PANADERÍA HIJOS DE SATURNINO GARCÍA, S.L.L.",CÁCERES,Trujillo,10200
8744,19/01/1994,"POSADA CHIVIRI, S.A.L.",CÁCERES,Trujillo,10200
3431,24/02/1988,"TRUJILLANA DE CONSTRUCCION, S.A.L.",CÁCERES,Trujillo,10200
3853,19/04/1988,"CANACOR, S.A.L.",CÁCERES,Valdefuentes,10180
5127,23/11/1988,"DALAR, S.A.L.",CÁCERES,Valdefuentes,10180
EXT-454,24/10/2001,"QUESERIAS VALPE, S.L.L.",CÁCERES,Valdefuentes,10180
EXT-1189,09/04/2019,"CARABALI PLAST, S.L.L.",CÁCERES,Valdehuncar,10393
EXT-686,03/12/2003,"HIERROS Y ALUMINIOS HERMANOS BRUNO, S.L.L.",CÁCERES,Valencia de Alcántara,10415
EXT-173,29/04/1999,SOCIEDAD RURAL EXTREMEÑA DE TURISMO S.A.L,CÁCERES,Valencia de Alcántara,10415
EXT-1131,23/12/2014,"LAYVA ALIMENTACIÓN, S.L.L.",CÁCERES,Valverde del Fresno,10890
EXT-765,17/11/2004,"QUESERÍA US TRES LUGARIS, S.L.L.",CÁCERES,Valverde del Fresno,10890
EXT-605,06/02/2003,"SOLUCIONES FORCAR, S.L.L.",CÁCERES,Valverde del Fresno,10890
5160,30/11/1988,"CONFECCIONES SALO, S.A.L.",CÁCERES,Villanueva de la Vera,10470
EXT-922,17/05/2007,"ELEGANT MOB FILMS, S.L.L.",CÁCERES,Villanueva de la Vera,10470
6509,04/08/1989,"PANIFICADORA LA FLOR DE LA VERA, S.A.L.",CÁCERES,Villanueva de la Vera,10470
EXT-697,27/01/2004,"ALBAÑILERIAS EXTREMEÑAS, S.L.L.",CÁCERES,Zarza de Montánchez,10169
